title,JP_INR,US_INR,saving_INR,discount_pct,ratio,JP_price,US_price,platform,popularity_rank,JP_nsuid,US_nsuid
Minecraft,2416.75,2890.4,473.65,16.4,0.836,3960.00 JPY,29.99 USD,Nintendo Switch,7,70010000000965,70010000000964
Mario Kart™ 8 Deluxe,4014.49,5781.77,1767.28,30.6,0.694,6578.00 JPY,59.99 USD,Nintendo Switch,9,70010000000186,70010000000153
Super Smash Bros.™ Ultimate,4870.12,5781.77,911.65,15.8,0.842,7980.00 JPY,59.99 USD,Nintendo Switch,10,70010000103774,70010000012332
Stardew Valley,903.23,1444.72,541.49,37.5,0.625,1480.00 JPY,14.99 USD,Nintendo Switch,12,70010000005423,70010000001801
Nintendo Switch™ Sports,2624.25,3854.19,1229.94,31.9,0.681,4300.00 JPY,39.99 USD,Nintendo Switch,14,70010000049930,70010000049931
Animal Crossing™: New Horizons,4350.15,5781.77,1431.62,24.8,0.752,7128.00 JPY,59.99 USD,Nintendo Switch,16,70010000110439,70010000027619
Star Fox™,3344.39,4817.98,1473.59,30.6,0.694,5480.00 JPY,49.99 USD,Nintendo Switch 2,18,70010000123166,70010000123167
Kirby™ Air Riders,4870.12,6745.56,1875.44,27.8,0.722,7980.00 JPY,69.99 USD,Nintendo Switch 2,22,70010000103774,70010000103775
Super Mario Galaxy™ 2,2746.31,3854.19,1107.88,28.7,0.713,4500.00 JPY,39.99 USD,Nintendo Switch,23,70010000104191,70010000104192
Hollow Knight: Silksong,1403.67,1926.61,522.95,27.1,0.729,2300.00 JPY,19.99 USD,Nintendo Switch,26,70010000020841,70010000020840
Hollow Knight,903.23,1445.68,542.45,37.5,0.625,1480.00 JPY,15.00 USD,Nintendo Switch,27,70010000003209,70010000003208
Super Mario Odyssey™,4870.12,5781.77,911.65,15.8,0.842,7980.00 JPY,59.99 USD,Nintendo Switch,28,70010000096306,70010000001130
Pokémon™ Legends: Arceus,4014.49,5781.77,1767.28,30.6,0.694,6578.00 JPY,59.99 USD,Nintendo Switch,29,70010000039944,70010000039945
New Super Mario Bros.™ U Deluxe,4014.49,5781.77,1767.28,30.6,0.694,6578.00 JPY,59.99 USD,Nintendo Switch,32,70010000006410,70010000006411
Super Mario™ 3D World + Bowser’s Fury,4014.49,5781.77,1767.28,30.6,0.694,6578.00 JPY,59.99 USD,Nintendo Switch,34,70010000034438,70010000034439
Among Us,317.35,481.89,164.54,34.1,0.659,520.00 JPY,5.00 USD,Nintendo Switch,36,70010000036097,70010000036098
The Legend of Zelda™: Breath of the Wild,5296.1,5781.77,485.67,8.4,0.916,8678.00 JPY,59.99 USD,Nintendo Switch,38,70010000096247,70010000000025
Mario Party™ Superstars,3966.89,5781.77,1814.88,31.4,0.686,6500.00 JPY,59.99 USD,Nintendo Switch,40,70010000042933,70010000042934
Super Mario Galaxy™ ,2746.31,3854.19,1107.88,28.7,0.713,4500.00 JPY,39.99 USD,Nintendo Switch,41,70010000104186,70010000104187
Pokémon™ Violet,3966.89,5781.77,1814.88,31.4,0.686,6500.00 JPY,59.99 USD,Nintendo Switch,42,70010000053970,70010000053971
Split Fiction,4211.0,4817.98,606.97,12.6,0.874,6900.00 JPY,49.99 USD,Nintendo Switch 2,45,70010000096944,70010000097434
Tiny Bookshop,1403.67,1926.61,522.95,27.1,0.729,2300.00 JPY,19.99 USD,Nintendo Switch,46,70010000099520,70010000099518
Stardew Valley: Nintendo Switch 2 Edition,903.23,1444.72,541.49,37.5,0.625,1480.00 JPY,14.99 USD,Nintendo Switch 2,50,70010000105952,70010000105384
Arcade Archives VS. SUPER MARIO BROS.,511.42,770.07,258.64,33.6,0.664,838.00 JPY,7.99 USD,Nintendo Switch,51,70010000003433,70010000003432
Pokémon™ Scarlet,3966.89,5781.77,1814.88,31.4,0.686,6500.00 JPY,59.99 USD,Nintendo Switch,52,70010000053965,70010000053966
Fallout 4: Anniversary Edition,4430.71,5781.77,1351.06,23.4,0.766,7260.00 JPY,59.99 USD,Nintendo Switch 2,55,70010000101069,70010000101067
ELDEN RING Tarnished Edition,5504.82,7709.34,2204.52,28.6,0.714,9020.00 JPY,79.99 USD,Nintendo Switch 2,56,70010000096943,70010000097552
Splatoon™ 3,3966.89,5781.77,1814.88,31.4,0.686,6500.00 JPY,59.99 USD,Nintendo Switch,57,70010000046394,70010000046395
Pokémon™ Brilliant Diamond,4014.49,5781.77,1767.28,30.6,0.694,6578.00 JPY,59.99 USD,Nintendo Switch,58,70010000039949,70010000039950
Hollow Knight: Silksong – Nintendo Switch 2 Edition,1403.67,1926.61,522.95,27.1,0.729,2300.00 JPY,19.99 USD,Nintendo Switch 2,59,70010000105852,70010000105851
Luigi’s Mansion™ 3,4014.49,5781.77,1767.28,30.6,0.694,6578.00 JPY,59.99 USD,Nintendo Switch,61,70010000001621,70010000001620
MLB® The Show™ 26,5364.45,5781.77,417.31,7.2,0.928,8790.00 JPY,59.99 USD,Nintendo Switch,63,70010000099941,70010000099939
Undertale,988.67,1444.72,456.05,31.6,0.684,1620.00 JPY,14.99 USD,Nintendo Switch,65,70010000009922,70010000009921
Pokémon™ Sword ,4014.49,5781.77,1767.28,30.6,0.694,6578.00 JPY,59.99 USD,Nintendo Switch,66,70010000004497,70010000004496
Cuphead,1208.38,1926.61,718.24,37.3,0.627,1980.00 JPY,19.99 USD,Nintendo Switch,67,70010000016331,70010000016330
Plants vs. Zombies™: Replanted,1769.84,1926.61,156.77,8.1,0.919,2900.00 JPY,19.99 USD,Nintendo Switch 2,68,70010000098464,70010000098462
Plants vs. Zombies™: Replanted,1769.84,1926.61,156.77,8.1,0.919,2900.00 JPY,19.99 USD,Nintendo Switch,71,70010000098464,70010000098368
Super Mario Party™ ,4014.49,5781.77,1767.28,30.6,0.694,6578.00 JPY,59.99 USD,Nintendo Switch,74,70010000013977,70010000014158
Backyard Baseball '97,732.35,962.82,230.48,23.9,0.761,1200.00 JPY,9.99 USD,Nintendo Switch,75,70010000096082,70010000096080
Kirby™ and the Forgotten Land,5187.47,5781.77,594.3,10.3,0.897,8500.00 JPY,59.99 USD,Nintendo Switch,76,70010000096660,70010000046405
"Pokémon™: Let’s Go, Pikachu!",4014.49,5781.77,1767.28,30.6,0.694,6578.00 JPY,59.99 USD,Nintendo Switch,81,70010000000448,70010000000447
Is This Seat Taken?,890.41,962.82,72.41,7.5,0.925,1459.00 JPY,9.99 USD,Nintendo Switch,84,70010000100807,70010000100805
Minecraft Dungeons,1611.17,1926.61,315.45,16.4,0.836,2640.00 JPY,19.99 USD,Nintendo Switch,86,70010000021402,70010000021401
Super Mario Maker™ 2,4014.49,5781.77,1767.28,30.6,0.694,6578.00 JPY,59.99 USD,Nintendo Switch,89,70010000018601,70010000018694
Hades,1708.81,2408.51,699.69,29.1,0.709,2800.00 JPY,24.99 USD,Nintendo Switch,91,70010000033130,70010000033131
Hello Kitty Island Adventure,3356.6,3854.19,497.59,12.9,0.871,5500.00 JPY,39.99 USD,Nintendo Switch,92,70010000074493,70010000074491
The Legend of Zelda™: Echoes of Wisdom,4638.21,5781.77,1143.56,19.8,0.802,7600.00 JPY,59.99 USD,Nintendo Switch,94,70010000084617,70010000084618
Mario Golf™: Super Rush,4014.49,5781.77,1767.28,30.6,0.694,6578.00 JPY,59.99 USD,Nintendo Switch,97,70010000038621,70010000038622
Orbitals,3649.54,3854.19,204.65,5.3,0.947,5980.00 JPY,39.99 USD,Nintendo Switch 2,98,70010000098975,70010000098973
Mina the Hollower,1513.52,1926.61,413.09,21.4,0.786,2480.00 JPY,19.99 USD,Nintendo Switch,99,70010000104261,70010000081412
BALL x PIT,1037.49,1444.72,407.23,28.2,0.718,1700.00 JPY,14.99 USD,Nintendo Switch,100,70010000093191,70010000093189
"Little Kitty, Big City",2123.81,2408.51,284.7,11.8,0.882,3480.00 JPY,24.99 USD,Nintendo Switch,101,70010000064798,70010000061050
Unravel Two,1769.84,1926.61,156.77,8.1,0.919,2900.00 JPY,19.99 USD,Nintendo Switch,102,70010000015569,70010000015568
Vampire Survivors,304.53,480.93,176.4,36.7,0.633,499.00 JPY,4.99 USD,Nintendo Switch,104,70010000059001,70010000059002
Metroid Prime™ Remastered,2624.25,3854.19,1229.94,31.9,0.681,4300.00 JPY,39.99 USD,Nintendo Switch,105,70010000063708,70010000063709
Pokémon™ Shining Pearl,4014.49,5781.77,1767.28,30.6,0.694,6578.00 JPY,59.99 USD,Nintendo Switch,106,70010000039954,70010000039955
The Legend of Zelda™: Skyward Sword HD,4014.49,5781.77,1767.28,30.6,0.694,6578.00 JPY,59.99 USD,Nintendo Switch,109,70010000038611,70010000038612
Vampire Crawlers: The Turbo Wildcard from Vampire Survivors,732.35,962.82,230.48,23.9,0.761,1200.00 JPY,9.99 USD,Nintendo Switch 2,110,70010000120479,70010000120477
"Pokémon™: Let’s Go, Eevee!",4014.49,5781.77,1767.28,30.6,0.694,6578.00 JPY,59.99 USD,Nintendo Switch,111,70010000000451,70010000000450
Pokémon™ Shield ,4014.49,5781.77,1767.28,30.6,0.694,6578.00 JPY,59.99 USD,Nintendo Switch,113,70010000004493,70010000004492
BALL x PIT – Nintendo Switch 2 Edition,1037.49,1444.72,407.23,28.2,0.718,1700.00 JPY,14.99 USD,Nintendo Switch 2,116,70010000109284,70010000108201
PICO PARK 2,598.08,866.45,268.36,31.0,0.69,980.00 JPY,8.99 USD,Nintendo Switch,117,70010000077281,70010000077279
PICO PARK,305.15,480.93,175.79,36.6,0.634,500.00 JPY,4.99 USD,Nintendo Switch,120,70010000019267,70010000019266
PowerWash Simulator 2,1359.12,2408.51,1049.39,43.6,0.564,2227.00 JPY,24.99 USD,Nintendo Switch 2,121,70010000098326,70010000098324
EA SPORTS FC™ 26,4638.21,5781.77,1143.56,19.8,0.802,7600.00 JPY,59.99 USD,Nintendo Switch,129,70010000091349,70010000091347
Ultimate Chicken Horse,903.23,1444.72,541.49,37.5,0.625,1480.00 JPY,14.99 USD,Nintendo Switch,130,70010000002403,70010000002401
FINAL FANTASY VII REMAKE INTERGRADE,835.49,3854.19,3018.7,78.3,0.217,1369.00 JPY,39.99 USD,Nintendo Switch 2,133,70010000096733,70010000101698
Cult of the Lamb,1544.03,2408.51,864.47,35.9,0.641,2530.00 JPY,24.99 USD,Nintendo Switch,135,70010000047972,70010000047973
Pokémon™ Legends: Z-A,4333.06,5781.77,1448.71,25.1,0.749,7100.00 JPY,59.99 USD,Nintendo Switch,136,70010000094233,70010000094234
Miitopia™,3343.17,4817.98,1474.81,30.6,0.694,5478.00 JPY,49.99 USD,Nintendo Switch,138,70010000038616,70010000038617
Balatro,1037.49,1444.72,407.23,28.2,0.718,1700.00 JPY,14.99 USD,Nintendo Switch,139,70010000119173,70010000072051
The Legend of Zelda™: Link’s Awakening,4014.49,5781.77,1767.28,30.6,0.694,6578.00 JPY,59.99 USD,Nintendo Switch,140,70010000019976,70010000020033
Gang Beasts,609.68,1155.58,545.9,47.2,0.528,999.00 JPY,11.99 USD,Nintendo Switch,143,70010000033941,70010000033942
FINAL FANTASY TACTICS - The Ivalice Chronicles Nintendo Switch™ 2 Edition,2123.81,4817.98,2694.17,55.9,0.441,3480.00 JPY,49.99 USD,Nintendo Switch 2,146,70010000100753,70010000100754
Dead by Daylight,2807.34,2890.4,83.07,2.9,0.971,4600.00 JPY,29.99 USD,Nintendo Switch,147,70010000016125,70010000016124
REANIMAL,2792.69,3854.19,1061.5,27.5,0.725,4576.00 JPY,39.99 USD,Nintendo Switch 2,148,70010000101809,70010000109876
Hollow Knight – Nintendo Switch 2 Edition,903.23,1445.68,542.45,37.5,0.625,1480.00 JPY,15.00 USD,Nintendo Switch 2,150,70010000117088,70010000117998
Unpacking,1275.51,1926.61,651.11,33.8,0.662,2090.00 JPY,19.99 USD,Nintendo Switch,151,70010000043204,70010000043205
Absolum,1812.56,2408.51,595.94,24.7,0.753,2970.00 JPY,24.99 USD,Nintendo Switch,155,70010000101921,70010000094401
Metroid™ Dread,4638.21,5781.77,1143.56,19.8,0.802,7600.00 JPY,59.99 USD,Nintendo Switch,156,70010000042923,70010000042924
Fire Emblem™: Three Houses,4685.81,5781.77,1095.96,19.0,0.81,7678.00 JPY,59.99 USD,Nintendo Switch,157,70010000007607,70010000007606
FINAL FANTASY VII REBIRTH,4014.49,4817.98,803.49,16.7,0.833,6578.00 JPY,49.99 USD,Nintendo Switch 2,159,70010000112479,70010000112477
EA SPORTS™ Madden NFL 26,5980.85,6745.56,764.71,11.3,0.887,9800.00 JPY,69.99 USD,Nintendo Switch 2,160,70010000097533,70010000096859
Five Nights at Freddy's: Security Breach,3020.94,3854.19,833.25,21.6,0.784,4950.00 JPY,39.99 USD,Nintendo Switch,164,70010000057818,70010000057819
Overcooked! 2,1597.74,2408.51,810.77,33.7,0.663,2618.00 JPY,24.99 USD,Nintendo Switch,165,70010000106252,70010000003402
Arcade Archives PAC-MAN,511.42,770.07,258.64,33.6,0.664,838.00 JPY,7.99 USD,Nintendo Switch,166,70010000043811,70010000043812
OCTOPATH TRAVELER 0,4685.81,4817.98,132.17,2.7,0.973,7678.00 JPY,49.99 USD,Nintendo Switch 2,167,70010000102549,70010000097827
Stick Fight: The Game,238.01,722.84,484.83,67.1,0.329,390.00 JPY,7.50 USD,Nintendo Switch,170,70010000007645,70010000007644
Minecraft Dungeons II ,2886.67,2890.4,3.73,0.1,0.999,4730.00 JPY,29.99 USD,Nintendo Switch 2,171,70010000110907,70010000110905
Yoshi’s Crafted World™,4014.49,5781.77,1767.28,30.6,0.694,6578.00 JPY,59.99 USD,Nintendo Switch,172,70010000000735,70010000000734
FINAL FANTASY TACTICS - The Ivalice Chronicles,2123.81,4817.98,2694.17,55.9,0.441,3480.00 JPY,49.99 USD,Nintendo Switch,176,70010000088804,70010000088802
EA SPORTS™ Madden NFL 27,5980.85,6745.56,764.71,11.3,0.887,9800.00 JPY,69.99 USD,Nintendo Switch 2,179,70010000105636,70010000105634
Mario vs. Donkey Kong™,3295.57,4817.98,1522.41,31.6,0.684,5400.00 JPY,49.99 USD,Nintendo Switch,180,70010000072190,70010000072191
Subnautica,2624.25,2890.4,266.15,9.2,0.908,4300.00 JPY,29.99 USD,Nintendo Switch,181,70010000030088,70010000030089
Slay the Spire,1568.45,2408.51,840.06,34.9,0.651,2570.00 JPY,24.99 USD,Nintendo Switch,186,70010000012390,70010000012389
The Elder Scrolls V: Skyrim Anniversary Edition,4430.71,5781.77,1351.06,23.4,0.766,7260.00 JPY,59.99 USD,Nintendo Switch 2,188,70010000103195,70010000103193
The Elder Scrolls IV: Oblivion Remastered,3692.26,4817.98,1125.72,23.4,0.766,6050.00 JPY,49.99 USD,Nintendo Switch 2,190,70010000103531,70010000103529
DAVE THE DIVER,805.58,1926.61,1121.03,58.2,0.418,1320.00 JPY,19.99 USD,Nintendo Switch,191,70010000060371,70010000060372
Dispatch,2074.99,2890.4,815.41,28.2,0.718,3400.00 JPY,29.99 USD,Nintendo Switch,195,70010000117595,70010000105331
PowerWash Simulator,725.03,2408.51,1683.48,69.9,0.301,1188.00 JPY,24.99 USD,Nintendo Switch,197,70010000059241,70010000045037
Avatar Legends: The Fighting Game,2081.09,2890.4,809.31,28.0,0.72,3410.00 JPY,29.99 USD,Nintendo Switch,198,70010000124324,70010000124322
Dinkum,1122.93,1541.1,418.16,27.1,0.729,1840.00 JPY,15.99 USD,Nintendo Switch,204,70010000088499,70010000088497
DARK SOULS™: REMASTERED,2886.67,3854.19,967.52,25.1,0.749,4730.00 JPY,39.99 USD,Nintendo Switch,206,70010000003637,70010000008122
RuneScape: Dragonwilds,2074.99,2890.4,815.41,28.2,0.718,3400.00 JPY,29.99 USD,Nintendo Switch 2,208,70010000126484,70010000111577
Grounded,2497.31,3854.19,1356.88,35.2,0.648,4092.00 JPY,39.99 USD,Nintendo Switch,211,70010000068826,70010000068827
Pokémon Mystery Dungeon™: Rescue Team DX,4014.49,5781.77,1767.28,30.6,0.694,6578.00 JPY,59.99 USD,Nintendo Switch,212,70010000012524,70010000012523
"Snipperclips™ – Cut it out, together! ",1119.27,1926.61,807.34,41.9,0.581,1834.00 JPY,19.99 USD,Nintendo Switch,213,70010000000028,70010000000142
NBA 2K26,5370.56,5781.77,411.21,7.1,0.929,8800.00 JPY,59.99 USD,Nintendo Switch,214,70010000101228,70010000095396
Dispatch Nintendo Switch 2 Edition,2074.99,2890.4,815.41,28.2,0.718,3400.00 JPY,29.99 USD,Nintendo Switch 2,216,70010000117595,70010000110051
Valheim,2074.99,2890.4,815.41,28.2,0.718,3400.00 JPY,29.99 USD,Nintendo Switch 2,220,70010000098090,70010000098088
Xenoblade Chronicles™ Definitive Edition,4624.78,5781.77,1156.99,20.0,0.8,7578.00 JPY,59.99 USD,Nintendo Switch,221,70010000122670,70010000029711
EA SPORTS FC™ 26,5248.5,6745.56,1497.06,22.2,0.778,8600.00 JPY,69.99 USD,Nintendo Switch 2,222,70010000100269,70010000098845
Big Brain Academy™: Brain vs. Brain,1952.93,2890.4,937.47,32.4,0.676,3200.00 JPY,29.99 USD,Nintendo Switch,223,70010000044950,70010000044951
1-2-Switch™,3343.17,4817.98,1474.81,30.6,0.694,5478.00 JPY,49.99 USD,Nintendo Switch,224,70010000000027,70010000000141
Digimon Story Time Stranger,4833.5,5781.77,948.27,16.4,0.836,7920.00 JPY,59.99 USD,Nintendo Switch 2,225,70010000084201,70010000111119
Winter Burrow,842.2,1059.2,217.0,20.5,0.795,1380.00 JPY,10.99 USD,Nintendo Switch,226,70010000098409,70010000098407
Minecraft Dungeons II ,2886.67,2890.4,3.73,0.1,0.999,4730.00 JPY,29.99 USD,Nintendo Switch,227,70010000110907,70010000067526
STAR WARS™: Knights of the Old Republic™,1034.44,1444.72,410.28,28.4,0.716,1695.00 JPY,14.99 USD,Nintendo Switch,228,70010000050777,70010000043209
Wylde Flowers,1568.45,2408.51,840.06,34.9,0.651,2570.00 JPY,24.99 USD,Nintendo Switch,230,70010000053183,70010000053184
Spiritfarer,1818.67,2890.4,1071.74,37.1,0.629,2980.00 JPY,29.99 USD,Nintendo Switch,233,70010000020668,70010000020667
Denshattack!,1476.9,1926.61,449.71,23.3,0.767,2420.00 JPY,19.99 USD,Nintendo Switch 2,234,70010000103980,70010000103978
New Pokémon Snap™,4014.49,5781.77,1767.28,30.6,0.694,6578.00 JPY,59.99 USD,Nintendo Switch,235,70010000037988,70010000037989
UNO®,336.88,384.55,47.67,12.4,0.876,552.00 JPY,3.99 USD,Nintendo Switch,240,70010000034087,70010000034088
Onimusha: Way of the Sword,5486.51,6745.56,1259.04,18.7,0.813,8990.00 JPY,69.99 USD,Nintendo Switch 2,241,70010000112822,70010000112820
Cookie Clicker,353.97,480.93,126.96,26.4,0.736,580.00 JPY,4.99 USD,Nintendo Switch,243,70010000066298,70010000066299
Donkey Kong Country™: Tropical Freeze,4014.49,5781.77,1767.28,30.6,0.694,6578.00 JPY,59.99 USD,Nintendo Switch,245,70010000001340,70010000001339
Mario Tennis™ Aces ,4014.49,5781.77,1767.28,30.6,0.694,6578.00 JPY,59.99 USD,Nintendo Switch,246,70010000003890,70010000003889
OMORI,1818.67,2890.4,1071.74,37.1,0.629,2980.00 JPY,29.99 USD,Nintendo Switch,248,70010000051038,70010000051039
Vampire Crawlers: The Turbo Wildcard from Vampire Survivors,732.35,962.82,230.48,23.9,0.761,1200.00 JPY,9.99 USD,Nintendo Switch,250,70010000101046,70010000101044
Pizza Tower,1318.23,1926.61,608.39,31.6,0.684,2160.00 JPY,19.99 USD,Nintendo Switch,251,70010000074089,70010000074087
Five Nights at Freddy's: Secret of the Mimic,3020.94,3854.19,833.25,21.6,0.784,4950.00 JPY,39.99 USD,Nintendo Switch,253,70010000109685,70010000109683
Balatro ,1037.49,1444.72,407.23,28.2,0.718,1700.00 JPY,14.99 USD,Nintendo Switch 2,255,70010000119173,70010000119171
Wreckfest,3155.2,3854.19,698.99,18.1,0.819,5170.00 JPY,39.99 USD,Nintendo Switch,256,70010000051415,70010000033987
Escape the Backrooms,854.41,1251.96,397.55,31.8,0.682,1400.00 JPY,12.99 USD,Nintendo Switch 2,258,70010000116716,70010000116714
Brotato,317.35,480.93,163.58,34.0,0.66,520.00 JPY,4.99 USD,Nintendo Switch,260,70010000070379,70010000062161
DAVE THE DIVER Nintendo Switch 2 Edition,839.15,1926.61,1087.46,56.4,0.436,1375.00 JPY,19.99 USD,Nintendo Switch 2,261,70010000111454,70010000111452
PGA TOUR 2K25,3527.48,3854.19,326.71,8.5,0.915,5780.00 JPY,39.99 USD,Nintendo Switch 2,264,70010000105579,70010000105577
Don't Starve Together,903.23,1444.72,541.49,37.5,0.625,1480.00 JPY,14.99 USD,Nintendo Switch,265,70010000049882,70010000019795
FINAL FANTASY VII,447.34,1541.1,1093.75,71.0,0.29,733.00 JPY,15.99 USD,Nintendo Switch,270,70010000013196,70010000013197
Big Walk,1403.67,1926.61,522.95,27.1,0.729,2300.00 JPY,19.99 USD,Nintendo Switch 2,271,70010000109971,70010000109969
Fire Emblem™ Engage,4638.21,5781.77,1143.56,19.8,0.802,7600.00 JPY,59.99 USD,Nintendo Switch,272,70010000058801,70010000058802
Pokémon™ Legends: Z-A – Nintendo Switch™ 2 Edition,4943.35,6745.56,1802.2,26.7,0.733,8100.00 JPY,69.99 USD,Nintendo Switch 2,274,70010000099190,70010000099365
Persona 4 Golden,1208.38,1926.61,718.24,37.3,0.627,1980.00 JPY,19.99 USD,Nintendo Switch,276,70010000041597,70010000060320
Lies of P: Complete Edition,4870.12,6745.56,1875.44,27.8,0.722,7980.00 JPY,69.99 USD,Nintendo Switch 2,278,70010000103579,70010000103577
Overcooked! 2 – Nintendo Switch 2 Edition,1597.74,2022.99,425.25,21.0,0.79,2618.00 JPY,20.99 USD,Nintendo Switch 2,279,70010000106252,70010000112136
Kirby™ Star Allies,4014.49,5781.77,1767.28,30.6,0.694,6578.00 JPY,59.99 USD,Nintendo Switch,282,70010000002366,70010000002365
Slime Rancher: Plortable Edition,391.81,2408.51,2016.7,83.7,0.163,642.00 JPY,24.99 USD,Nintendo Switch,283,70010000043380,70010000040144
Scott Pilgrim EX,2319.1,2794.02,474.92,17.0,0.83,3800.00 JPY,28.99 USD,Nintendo Switch 2,285,70010000110273,70010000110271
A Short Hike,518.75,770.07,251.32,32.6,0.674,850.00 JPY,7.99 USD,Nintendo Switch,288,70010000034383,70010000032367
Persona 3 Reload,4685.81,5781.77,1095.96,19.0,0.81,7678.00 JPY,59.99 USD,Nintendo Switch 2,289,70010000100151,70010000100149
Minishoot' Adventures - Nintendo Switch™ 2 Edition,1129.04,1541.1,412.06,26.7,0.733,1850.00 JPY,15.99 USD,Nintendo Switch 2,290,70010000115827,70010000115822
South of Midnight Weaver's Edition,3289.47,3854.19,564.72,14.7,0.853,5390.00 JPY,39.99 USD,Nintendo Switch 2,293,70010000112014,70010000112012
Pikmin™ 3 Deluxe,4014.49,5781.77,1767.28,30.6,0.694,6578.00 JPY,59.99 USD,Nintendo Switch,294,70010000005303,70010000005302
Overcooked! All You Can Eat,750.66,1155.58,404.93,35.0,0.65,1230.00 JPY,11.99 USD,Nintendo Switch,295,70010000038868,70010000029237
Need for Speed™ Hot Pursuit Remastered,2624.25,3854.19,1229.94,31.9,0.681,4300.00 JPY,39.99 USD,Nintendo Switch,296,70010000029279,70010000029278
Prince of Persia The Lost Crown,765.3,866.45,101.14,11.7,0.883,1254.00 JPY,8.99 USD,Nintendo Switch,297,70010000057920,70010000057921
MIO: Memories in Orbit,1409.77,1926.61,516.84,26.8,0.732,2310.00 JPY,19.99 USD,Nintendo Switch 2,298,70010000112959,70010000103259
Assassin's Creed® III: Remastered,1191.9,1425.44,233.55,16.4,0.836,1953.00 JPY,14.79 USD,Nintendo Switch,299,70010000010685,70010000010684
MARVEL ULTIMATE ALLIANCE 3: The Black Order,4685.81,5781.77,1095.96,19.0,0.81,7678.00 JPY,59.99 USD,Nintendo Switch,300,70010000010080,70010000010079
GRID™ Legends: Deluxe Edition,3045.35,3854.19,808.84,21.0,0.79,4990.00 JPY,39.99 USD,Nintendo Switch 2,301,70010000102794,70010000102792
MLB® The Show™ 25,5364.45,5781.77,417.31,7.2,0.928,8790.00 JPY,59.99 USD,Nintendo Switch,307,70010000082776,70010000082774
Lovers in a Dangerous Spacetime,975.85,1444.72,468.86,32.5,0.675,1599.00 JPY,14.99 USD,Nintendo Switch,310,70010000001377,70010000001376
Nine Sols,2081.09,2890.4,809.31,28.0,0.72,3410.00 JPY,29.99 USD,Nintendo Switch,311,70010000073074,70010000073072
Baba Is You,915.44,1445.68,530.25,36.7,0.633,1500.00 JPY,15.00 USD,Nintendo Switch,313,70010000027159,70010000008551
Totally Accurate Battle Simulator,726.25,1926.61,1200.37,62.3,0.377,1190.00 JPY,19.99 USD,Nintendo Switch,314,70010000053381,70010000048963
Cast n Chill - Nintendo Switch™ 2 Edition,726.25,1444.72,718.47,49.7,0.503,1190.00 JPY,14.99 USD,Nintendo Switch 2,315,70010000112305,70010000112303
Goat Simulator 3,2349.62,2890.4,540.78,18.7,0.813,3850.00 JPY,29.99 USD,Nintendo Switch,316,70010000083706,70010000066362
Farming Simulator 26: Nintendo Switch™ Edition,3039.25,3854.19,814.94,21.1,0.789,4980.00 JPY,39.99 USD,Nintendo Switch,317,70010000115165,70010000115163
Drag x Drive™,1208.38,1926.61,718.24,37.3,0.627,1980.00 JPY,19.99 USD,Nintendo Switch 2,321,70010000099950,70010000099951
Game Builder Garage™,1818.67,2890.4,1071.74,37.1,0.629,2980.00 JPY,29.99 USD,Nintendo Switch,325,70010000041266,70010000041267
No Man's Sky – Nintendo Switch™ 2 Edition,3692.26,5781.77,2089.51,36.1,0.639,6050.00 JPY,59.99 USD,Nintendo Switch 2,326,70010000099216,70010000099217
Bluey's Quest For The Gold Pen,3649.54,3854.19,204.65,5.3,0.947,5980.00 JPY,39.99 USD,Nintendo Switch,327,70010000120805,70010000112640
Factorio – Nintendo Switch™ 2 Edition,3051.45,3373.26,321.81,9.5,0.905,5000.00 JPY,35.00 USD,Nintendo Switch 2,332,70010000114616,70010000114614
LEGO® CITY Undercover,278.9,432.74,153.84,35.5,0.645,457.00 JPY,4.49 USD,Nintendo Switch,336,70010000000530,70010000000187
Captain Toad™: Treasure Tracker ,2671.85,3854.19,1182.34,30.7,0.693,4378.00 JPY,39.99 USD,Nintendo Switch,338,70010000002723,70010000002722
Sonic Mania,1208.38,1926.61,718.24,37.3,0.627,1980.00 JPY,19.99 USD,Nintendo Switch,340,70010000000881,70010000000809
STAR WARS™: The Force Unleashed™,1513.52,1926.61,413.09,21.4,0.786,2480.00 JPY,19.99 USD,Nintendo Switch,342,70010000050815,70010000038880
Pokkén Tournament™ DX,4014.49,5781.77,1767.28,30.6,0.694,6578.00 JPY,59.99 USD,Nintendo Switch,343,70010000000851,70010000001132
Strange Antiquities,1219.97,1733.86,513.88,29.6,0.704,1999.00 JPY,17.99 USD,Nintendo Switch,346,70010000104953,70010000096148
SUPER BOMBERMAN COLLECTION - Nintendo Switch 2 Edition,2013.96,2408.51,394.55,16.4,0.836,3300.00 JPY,24.99 USD,Nintendo Switch 2,347,70010000113450,70010000113451
Paper Mario™: The Origami King,4014.49,5781.77,1767.28,30.6,0.694,6578.00 JPY,59.99 USD,Nintendo Switch,348,70010000029725,70010000029726
Hello Kitty Island Adventure Nintendo Switch 2 Edition,3966.89,4817.98,851.09,17.7,0.823,6500.00 JPY,49.99 USD,Nintendo Switch 2,349,70010000109855,70010000109159
HITMAN World of Assassination - Signature Edition,3966.89,5781.77,1814.88,31.4,0.686,6500.00 JPY,59.99 USD,Nintendo Switch 2,351,70010000095779,70010000095780
Arcade Archives DONKEY KONG,511.42,770.07,258.64,33.6,0.664,838.00 JPY,7.99 USD,Nintendo Switch,352,70010000010532,70010000010531
Content Warning,732.35,962.82,230.48,23.9,0.761,1200.00 JPY,9.99 USD,Nintendo Switch,353,70010000110770,70010000118552
Ori and the Blind Forest: Definitive Edition,1252.32,1926.61,674.3,35.0,0.65,2052.00 JPY,19.99 USD,Nintendo Switch,356,70010000018711,70010000018710
UFO 50,1818.67,2408.51,589.84,24.5,0.755,2980.00 JPY,24.99 USD,Nintendo Switch,357,70010000098424,70010000098422
Ultimate Sheep Raccoon,1193.12,1637.48,444.36,27.1,0.729,1955.00 JPY,16.99 USD,Nintendo Switch 2,358,70010000107135,70010000107133
Kirby Fighters™ 2 ,1208.38,1926.61,718.24,37.3,0.627,1980.00 JPY,19.99 USD,Nintendo Switch,361,70010000034634,70010000034635
Terminator 2D: NO FATE,2282.49,2890.4,607.92,21.0,0.79,3740.00 JPY,29.99 USD,Nintendo Switch,364,70010000087754,70010000087752
NBA 2K27,5773.35,6745.56,972.21,14.4,0.856,9460.00 JPY,69.99 USD,Nintendo Switch 2,366,70010000116955,70010000116953
Strange Horticulture,1219.97,1541.1,321.13,20.8,0.792,1999.00 JPY,15.99 USD,Nintendo Switch,369,70010000054120,70010000052157
Firewatch,1208.38,1926.61,718.24,37.3,0.627,1980.00 JPY,19.99 USD,Nintendo Switch,372,70010000007928,70010000007926
Brotato - Nintendo Switch™ 2 Edition,317.35,480.93,163.58,34.0,0.66,520.00 JPY,4.99 USD,Nintendo Switch 2,373,70010000113036,70010000113035
FINAL FANTASY VI,1342.64,1733.86,391.22,22.6,0.774,2200.00 JPY,17.99 USD,Nintendo Switch,375,70010000056591,70010000056592
Teenage Mutant Ninja Turtles: Shredder's Revenge,1586.14,2408.51,822.36,34.1,0.659,2599.00 JPY,24.99 USD,Nintendo Switch,376,70010000054459,70010000039366
Minami Lane,353.97,577.31,223.34,38.7,0.613,580.00 JPY,5.99 USD,Nintendo Switch,385,70010000085403,70010000082439
Night in the Woods,1208.38,1926.61,718.24,37.3,0.627,1980.00 JPY,19.99 USD,Nintendo Switch,386,70010000018716,70010000001982
SEGA AGES Sonic The Hedgehog,609.68,770.07,160.39,20.8,0.792,999.00 JPY,7.99 USD,Nintendo Switch,387,70010000010210,70010000010209
Sektori,1092.42,1444.72,352.3,24.4,0.756,1790.00 JPY,14.99 USD,Nintendo Switch 2,390,70010000119977,70010000119975
Farming Simulator: Signature Edition,4014.49,5781.77,1767.28,30.6,0.694,6578.00 JPY,59.99 USD,Nintendo Switch 2,392,70010000099922,70010000099920
NEW MONOPOLY®,1020.41,1155.58,135.18,11.7,0.883,1672.00 JPY,11.99 USD,Nintendo Switch,398,70010000069638,70010000069639
Sun Haven,2441.16,2890.4,449.24,15.5,0.845,4000.00 JPY,29.99 USD,Nintendo Switch,402,70010000083602,70010000073883
ROUNDS,444.29,818.26,373.97,45.7,0.543,728.00 JPY,8.49 USD,Nintendo Switch,403,70010000090932,70010000090930
House Flipper ,2192.77,2408.51,215.73,9.0,0.91,3593.00 JPY,24.99 USD,Nintendo Switch,406,70010000070399,70010000021182
WarioWare™: Move It!,3295.57,4817.98,1522.41,31.6,0.684,5400.00 JPY,49.99 USD,Nintendo Switch,408,70010000068677,70010000068678
Cast n Chill,726.25,1444.72,718.47,49.7,0.503,1190.00 JPY,14.99 USD,Nintendo Switch,409,70010000105387,70010000105385
Content Warning,732.35,962.82,230.48,23.9,0.761,1200.00 JPY,9.99 USD,Nintendo Switch 2,410,70010000110770,70010000110768
FINAL FANTASY X/X-2 HD Remaster,2856.77,4817.98,1961.21,40.7,0.593,4681.00 JPY,49.99 USD,Nintendo Switch 2,411,70010000113867,70010000113865
Pikuniku,842.2,1251.96,409.76,32.7,0.673,1380.00 JPY,12.99 USD,Nintendo Switch,414,70010000002363,70010000002362
Fae Farm,3222.33,4336.08,1113.75,25.7,0.743,5280.00 JPY,44.99 USD,Nintendo Switch,416,70010000054979,70010000054980
Core Keeper,1409.77,1926.61,516.84,26.8,0.732,2310.00 JPY,19.99 USD,Nintendo Switch,417,70010000079456,70010000073033
Granblue Fantasy: Relink - Endless Ragnarok (Standard Edition),4229.31,5781.77,1552.45,26.9,0.731,6930.00 JPY,59.99 USD,Nintendo Switch 2,423,70010000112253,70010000112254
Celeste,329.56,480.93,151.37,31.5,0.685,540.00 JPY,4.99 USD,Nintendo Switch,425,70010000010822,70010000006442
Inscryption,1409.77,1926.61,516.84,26.8,0.732,2310.00 JPY,19.99 USD,Nintendo Switch,428,70010000051033,70010000051034
Farm Together 2,1798.53,2504.89,706.36,28.2,0.718,2947.00 JPY,25.99 USD,Nintendo Switch,429,70010000102249,70010000072468
Five Nights at Freddy's: Into the Pit,1403.67,1926.61,522.95,27.1,0.729,2300.00 JPY,19.99 USD,Nintendo Switch,430,70010000071078,70010000071079
Taxi Chaos,1329.21,3368.44,2039.23,60.5,0.395,2178.00 JPY,34.95 USD,Nintendo Switch,431,70010000037157,70010000030429
The Elder Scrolls V: Skyrim,3692.26,4817.98,1125.72,23.4,0.766,6050.00 JPY,49.99 USD,Nintendo Switch,433,70010000001370,70010000001369
Sea of Stars,2685.28,3372.3,687.02,20.4,0.796,4400.00 JPY,34.99 USD,Nintendo Switch,434,70010000046188,70010000046189
TUNIC,2493.04,2890.4,397.37,13.7,0.863,4085.00 JPY,29.99 USD,Nintendo Switch,435,70010000058411,70010000045589
GRID™ Autosport,2287.98,2890.4,602.42,20.8,0.792,3749.00 JPY,29.99 USD,Nintendo Switch,436,70010000015907,70010000008783
No Man's Sky,3692.26,5781.77,2089.51,36.1,0.639,6050.00 JPY,59.99 USD,Nintendo Switch,438,70010000099216,70010000044642
NBA 2K26,5370.56,6745.56,1375.0,20.4,0.796,8800.00 JPY,69.99 USD,Nintendo Switch 2,445,70010000101228,70010000098957
Bayonetta™ 3,4638.21,5781.77,1143.56,19.8,0.802,7600.00 JPY,59.99 USD,Nintendo Switch,446,70010000046399,70010000046400
Garten of Banban,164.17,191.79,27.63,14.4,0.856,269.00 JPY,1.99 USD,Nintendo Switch,449,70010000079853,70010000079849
FINAL FANTASY X/X-2 HD Remaster,2856.77,4817.98,1961.21,40.7,0.593,4681.00 JPY,49.99 USD,Nintendo Switch,450,70010000010147,70010000015381
Factorio,3051.45,3373.26,321.81,9.5,0.905,5000.00 JPY,35.00 USD,Nintendo Switch,453,70010000056817,70010000056818
Date Everything!,912.99,982.1,69.11,7.0,0.93,1496.00 JPY,10.19 USD,Nintendo Switch,454,70010000090639,70010000079714
Digimon Story Time Stranger,4833.5,5781.77,948.27,16.4,0.836,7920.00 JPY,59.99 USD,Nintendo Switch,455,70010000084201,70010000110953
OCTOPATH TRAVELER 0,4685.81,4817.98,132.17,2.7,0.973,7678.00 JPY,49.99 USD,Nintendo Switch,459,70010000102549,70010000096471
Quarantine Zone: Border Zombie Checkpoint,274.02,288.17,14.15,4.9,0.951,449.00 JPY,2.99 USD,Nintendo Switch,460,70010000104760,70010000104758
Little Witch in the Woods,1403.67,1926.61,522.95,27.1,0.729,2300.00 JPY,19.99 USD,Nintendo Switch,461,70010000113821,70010000113819
DRAGON BALL XENOVERSE 2 for Nintendo Switch,1812.56,1926.61,114.05,5.9,0.941,2970.00 JPY,19.99 USD,Nintendo Switch,462,70010000001145,70010000001144
FINAL FANTASY IX,466.26,2022.99,1556.73,77.0,0.23,764.00 JPY,20.99 USD,Nintendo Switch,463,70010000010543,70010000010582
The Disney Afternoon Collection,1403.67,1926.61,522.95,27.1,0.729,2300.00 JPY,19.99 USD,Nintendo Switch 2,464,70010000107124,70010000107122
Bluey's Quest For The Gold Pen,3649.54,3854.19,204.65,5.3,0.947,5980.00 JPY,39.99 USD,Nintendo Switch 2,465,70010000120805,70010000116182
Return of the Obra Dinn,1373.15,1926.61,553.46,28.7,0.713,2250.00 JPY,19.99 USD,Nintendo Switch,468,70010000024506,70010000020339
SUPER BOMBERMAN COLLECTION,1678.3,1926.61,248.31,12.9,0.871,2750.00 JPY,19.99 USD,Nintendo Switch,469,70010000099270,70010000099268
EA SPORTS FC™ 27,5248.5,5781.77,533.27,9.2,0.908,8600.00 JPY,59.99 USD,Nintendo Switch,470,70010000110125,70010000110117
The Exit 8 Nintendo Switch™ 2 Edition,243.51,480.93,237.42,49.4,0.506,399.00 JPY,4.99 USD,Nintendo Switch 2,472,70010000104371,70010000104372
METAL GEAR SOLID 4: Guns of the Patriots - Master Collection Version,2349.62,2890.4,540.78,18.7,0.813,3850.00 JPY,29.99 USD,Nintendo Switch 2,473,70010000107219,70010000107220
DOOM + DOOM II,844.03,962.82,118.79,12.3,0.877,1383.00 JPY,9.99 USD,Nintendo Switch,474,70010000078055,70010000078053
EA SPORTS FC™ 27,5248.5,6745.56,1497.06,22.2,0.778,8600.00 JPY,69.99 USD,Nintendo Switch 2,482,70010000110125,70010000110123
Just Shapes & Beats,750.66,1926.61,1175.96,61.0,0.39,1230.00 JPY,19.99 USD,Nintendo Switch,483,70010000003654,70010000003653
Overcooked Special Edition,1312.12,1926.61,614.49,31.9,0.681,2150.00 JPY,19.99 USD,Nintendo Switch,484,70010000000884,70010000000883
Tetris® Effect: Connected,2746.31,3854.19,1107.88,28.7,0.713,4500.00 JPY,39.99 USD,Nintendo Switch,485,70010000038379,70010000038380
Rotwood,2074.99,2890.4,815.41,28.2,0.718,3400.00 JPY,29.99 USD,Nintendo Switch 2,486,70010000099155,70010000099153
MX vs ATV All Out,3155.2,3854.19,698.99,18.1,0.819,5170.00 JPY,39.99 USD,Nintendo Switch,487,70010000033350,70010000030899
Two Point Museum,2372.81,2890.4,517.59,17.9,0.821,3888.00 JPY,29.99 USD,Nintendo Switch 2,488,70010000096864,70010000104115
Skate Story,1403.67,1926.61,522.95,27.1,0.729,2300.00 JPY,19.99 USD,Nintendo Switch 2,490,70010000102477,70010000102475
Duskfade,2129.91,2890.4,760.49,26.3,0.737,3490.00 JPY,29.99 USD,Nintendo Switch 2,491,70010000128352,70010000128350
Super Meat Boy 3D,1708.81,2408.51,699.69,29.1,0.709,2800.00 JPY,24.99 USD,Nintendo Switch 2,495,70010000118236,70010000118233
Pode,823.28,1203.77,380.49,31.6,0.684,1349.00 JPY,12.49 USD,Nintendo Switch,497,70010000011121,70010000005922
Wytchwood,1220.58,1926.61,706.03,36.6,0.634,2000.00 JPY,19.99 USD,Nintendo Switch,498,70010000042325,70010000042326
Moss: The Forgotten Relic,1403.67,1926.61,522.95,27.1,0.729,2300.00 JPY,19.99 USD,Nintendo Switch,500,70010000127433,70010000078792
Cities: Skylines - Nintendo Switch™ Edition,3163.75,3854.19,690.44,17.9,0.821,5184.00 JPY,39.99 USD,Nintendo Switch,502,70010000011967,70010000011966
Barbie™ DreamHouse Adventures,2624.25,2890.4,266.15,9.2,0.908,4300.00 JPY,29.99 USD,Nintendo Switch,503,70010000068576,70010000068577
FINAL FANTASY VIII Remastered,621.28,1926.61,1305.34,67.8,0.322,1018.00 JPY,19.99 USD,Nintendo Switch,504,70010000019038,70010000019037
DYNASTY WARRIORS: ORIGINS,5236.29,5781.77,545.48,9.4,0.906,8580.00 JPY,59.99 USD,Nintendo Switch 2,505,70010000103826,70010000103824
Bugsnax,1812.56,2408.51,595.94,24.7,0.753,2970.00 JPY,24.99 USD,Nintendo Switch,506,70010000045163,70010000045164
The Exit 8,200.79,384.55,183.77,47.8,0.522,329.00 JPY,3.99 USD,Nintendo Switch,507,70010000079120,70010000079118
ACA NEOGEO METAL SLUG 3,511.42,770.07,258.64,33.6,0.664,838.00 JPY,7.99 USD,Nintendo Switch,508,70010000000065,70010000000072
Scott Pilgrim EX,2319.1,2794.02,474.92,17.0,0.83,3800.00 JPY,28.99 USD,Nintendo Switch,509,70010000110273,70010000093466
Moss: The Forgotten Relic,1403.67,1926.61,522.95,27.1,0.729,2300.00 JPY,19.99 USD,Nintendo Switch 2,510,70010000127433,70010000120811
Hitman: Absolution,2287.98,2890.4,602.42,20.8,0.792,3749.00 JPY,29.99 USD,Nintendo Switch,513,70010000094575,70010000094573
Burnout™ Paradise Remastered,1891.9,2890.4,998.5,34.5,0.655,3100.00 JPY,29.99 USD,Nintendo Switch,520,70010000027024,70010000027023
NEEDY STREAMER OVERLOAD,1611.17,1926.61,315.45,16.4,0.836,2640.00 JPY,19.99 USD,Nintendo Switch,521,70010000054211,70010000054212
Cookulo,299.04,480.93,181.89,37.8,0.622,490.00 JPY,4.99 USD,Nintendo Switch,522,70010000089044,70010000089042
Deadzone: Rogue,1669.14,2408.51,739.36,30.7,0.693,2735.00 JPY,24.99 USD,Nintendo Switch 2,523,70010000104249,70010000104247
Street Fighter™ 6,3045.35,3854.19,808.84,21.0,0.79,4990.00 JPY,39.99 USD,Nintendo Switch 2,524,70010000095202,70010000095203
Sid Meier’s Civilization VI,2013.96,2890.4,876.44,30.3,0.697,3300.00 JPY,29.99 USD,Nintendo Switch,527,70010000014596,70010000013704
Resident Evil Revelations 2,1214.48,1926.61,712.14,37.0,0.63,1990.00 JPY,19.99 USD,Nintendo Switch,528,70010000001516,70010000001515
SEGA AGES Sonic The Hedgehog 2,609.68,770.07,160.39,20.8,0.792,999.00 JPY,7.99 USD,Nintendo Switch,531,70010000019975,70010000019974
WarioWare™: Get It Together!,3295.57,4817.98,1522.41,31.6,0.684,5400.00 JPY,49.99 USD,Nintendo Switch,532,70010000042928,70010000042929
Little Nightmares Complete Edition,2148.22,2890.4,742.18,25.7,0.743,3520.00 JPY,29.99 USD,Nintendo Switch,533,70010000000758,70010000000757
Ori and the Will of the Wisps,2148.22,2890.4,742.18,25.7,0.743,3520.00 JPY,29.99 USD,Nintendo Switch,534,70010000034724,70010000034725
Alien: Isolation,1525.12,1926.61,401.5,20.8,0.792,2499.00 JPY,19.99 USD,Nintendo Switch,535,70010000020819,70010000020818
The Disney Afternoon Collection,1403.67,1926.61,522.95,27.1,0.729,2300.00 JPY,19.99 USD,Nintendo Switch,537,70010000107124,70010000107127
Tony Hawk's™ Pro Skater™ 1 + 2,3289.47,3854.19,564.72,14.7,0.853,5390.00 JPY,39.99 USD,Nintendo Switch,540,70010000039356,70010000026221
Demeo x Dungeons & Dragons: Battlemarked,2201.93,2312.13,110.2,4.8,0.952,3608.00 JPY,23.99 USD,Nintendo Switch 2,541,70010000116333,70010000116331
Kena: Bridge of Spirits,2551.01,3854.19,1303.18,33.8,0.662,4180.00 JPY,39.99 USD,Nintendo Switch 2,543,70010000115685,70010000115683
DOOM,1830.26,1926.61,96.35,5.0,0.95,2999.00 JPY,19.99 USD,Nintendo Switch,546,70010000002752,70010000001367
ARMS™,4014.49,5781.77,1767.28,30.6,0.694,6578.00 JPY,59.99 USD,Nintendo Switch,548,70010000000308,70010000000392
Garten of Banban 8: Anti Devil,792.77,962.82,170.06,17.7,0.823,1299.00 JPY,9.99 USD,Nintendo Switch,549,70010000100573,70010000100571
Ultimate Sheep Raccoon,1193.12,1637.48,444.36,27.1,0.729,1955.00 JPY,16.99 USD,Nintendo Switch,551,70010000107135,70010000096231
Goat Simulator 3,2349.62,2890.4,540.78,18.7,0.813,3850.00 JPY,29.99 USD,Nintendo Switch 2,553,70010000115432,70010000115431
Keep Talking and Nobody Explodes,976.46,1444.72,468.25,32.4,0.676,1600.00 JPY,14.99 USD,Nintendo Switch,554,70010000017841,70010000011883
Supermarket Simulator Store,463.82,480.93,17.11,3.6,0.964,760.00 JPY,4.99 USD,Nintendo Switch,558,70010000102081,70010000102079
Bayonetta™,2336.19,2890.4,554.21,19.2,0.808,3828.00 JPY,29.99 USD,Nintendo Switch,559,70010000001110,70010000001109
The Witcher 3: Wild Hunt — Remastered,4571.08,5781.77,1210.69,20.9,0.791,7490.00 JPY,59.99 USD,Nintendo Switch 2,561,70010000128697,70010000128692
Leafy Corner,732.35,962.82,230.48,23.9,0.761,1200.00 JPY,9.99 USD,Nintendo Switch,563,70010000117354,70010000117352
Arcade Archives FROGGER,511.42,770.07,258.64,33.6,0.664,838.00 JPY,7.99 USD,Nintendo Switch,564,70010000023731,70010000023730
Roots of Pacha,1708.81,2408.51,699.69,29.1,0.709,2800.00 JPY,24.99 USD,Nintendo Switch,567,70010000069220,70010000069221
Graveyard Keeper,1458.59,1926.61,468.02,24.3,0.757,2390.00 JPY,19.99 USD,Nintendo Switch,568,70010000022577,70010000013397
SONIC X SHADOW GENERATIONS,4021.2,4817.98,796.78,16.5,0.835,6589.00 JPY,49.99 USD,Nintendo Switch,569,70010000080418,70010000069536
TCG Card Shop Simulator,1586.76,1926.61,339.86,17.6,0.824,2600.00 JPY,19.99 USD,Nintendo Switch 2,572,70010000134546,70010000134544
We Were Here,152.57,191.79,39.22,20.4,0.796,250.00 JPY,1.99 USD,Nintendo Switch,573,70010000095011,70010000095009
MARVEL vs. CAPCOM Fighting Collection: Arcade Classics,3655.64,4817.98,1162.34,24.1,0.759,5990.00 JPY,49.99 USD,Nintendo Switch,574,70010000077388,70010000077523
SnowRunner,3039.25,3854.19,814.94,21.1,0.789,4980.00 JPY,39.99 USD,Nintendo Switch,575,70010000043621,70010000036415
Hunting Simulator 2,2819.54,3854.19,1034.65,26.8,0.732,4620.00 JPY,39.99 USD,Nintendo Switch,577,70010000038834,70010000027424
ASTRAL CHAIN,5357.13,5781.77,424.64,7.3,0.927,8778.00 JPY,59.99 USD,Nintendo Switch,578,70010000018677,70010000018695
Snake.io,792.77,866.45,73.68,8.5,0.915,1299.00 JPY,8.99 USD,Nintendo Switch,579,70010000084441,70010000084439
Go-Go Town! – Nintendo Switch 2 Edition,2380.13,3179.54,799.41,25.1,0.749,3900.00 JPY,32.99 USD,Nintendo Switch 2,581,70010000128078,70010000128076
Graveyard Keeper 2,2319.1,2408.51,89.4,3.7,0.963,3800.00 JPY,24.99 USD,Nintendo Switch 2,582,70010000124105,70010000124103
SAINTS ROW®: THE THIRD™ - THE FULL PACKAGE,1342.03,1926.61,584.58,30.3,0.697,2199.00 JPY,19.99 USD,Nintendo Switch,585,70010000014640,70010000013514
A Game About Digging A Hole™,247.78,480.93,233.15,48.5,0.515,406.00 JPY,4.99 USD,Nintendo Switch,586,70010000099097,70010000099095
Mina the Hollower - Nintendo Switch™ 2 Edition,1513.52,1926.61,413.09,21.4,0.786,2480.00 JPY,19.99 USD,Nintendo Switch 2,587,70010000127973,70010000127971
Easy Red 2,670.71,770.07,99.36,12.9,0.871,1099.00 JPY,7.99 USD,Nintendo Switch,589,70010000042015,70010000042016
NieR:Automata The End of YoRHa Edition,3222.33,3854.19,631.86,16.4,0.836,5280.00 JPY,39.99 USD,Nintendo Switch,596,70010000045181,70010000045182
Subnautica: Below Zero,2624.25,2890.4,266.15,9.2,0.908,4300.00 JPY,29.99 USD,Nintendo Switch,605,70010000039525,70010000033019
Easy Delivery Co.,914.83,1251.96,337.14,26.9,0.731,1499.00 JPY,12.99 USD,Nintendo Switch,606,70010000111638,70010000111636
inKONBINI: One Store. Many Stories,2013.96,2408.51,394.55,16.4,0.836,3300.00 JPY,24.99 USD,Nintendo Switch,607,70010000113089,70010000113080
Hello Neighbor,2623.64,3854.19,1230.55,31.9,0.681,4299.00 JPY,39.99 USD,Nintendo Switch,609,70010000044559,70010000010714
LEGO® Worlds,322.84,2890.4,2567.56,88.8,0.112,529.00 JPY,29.99 USD,Nintendo Switch,612,70010000001112,70010000001075
Tales of ARISE - Beyond the Dawn Edition,4229.31,4817.98,588.67,12.2,0.878,6930.00 JPY,49.99 USD,Nintendo Switch 2,614,70010000111760,70010000111758
Potion Craft: Alchemist Simulator,1824.16,1926.61,102.46,5.3,0.947,2989.00 JPY,19.99 USD,Nintendo Switch,615,70010000054959,70010000054960
Wobbledogs,1525.73,1926.61,400.89,20.8,0.792,2500.00 JPY,19.99 USD,Nintendo Switch,619,70010000058841,70010000052267
SONIC X SHADOW GENERATIONS,4021.2,4817.98,796.78,16.5,0.835,6589.00 JPY,49.99 USD,Nintendo Switch 2,620,70010000080418,70010000095220
Midnight Drifter-Drift Racing Car Racing Driving Simulator 2023 Speed Games,255.71,288.17,32.46,11.3,0.887,419.00 JPY,2.99 USD,Nintendo Switch,621,70010000055607,70010000055608
Slay the Princess - The Pristine Cut,1638.02,1733.86,95.84,5.5,0.945,2684.00 JPY,17.99 USD,Nintendo Switch,625,70010000089301,70010000078781
Scott Pilgrim vs. The World™: The Game – Complete Edition,1208.38,1444.72,236.34,16.4,0.836,1980.00 JPY,14.99 USD,Nintendo Switch,626,70010000030149,70010000030150
ANIMAL WELL,1800.36,2408.51,608.15,25.3,0.747,2950.00 JPY,24.99 USD,Nintendo Switch,627,70010000065089,70010000065090
Sea of Stars,2685.28,3372.3,687.02,20.4,0.796,4400.00 JPY,34.99 USD,Nintendo Switch 2,631,70010000124570,70010000124568
Lake,1251.1,1926.61,675.52,35.1,0.649,2050.00 JPY,19.99 USD,Nintendo Switch,632,70010000042320,70010000042321
Amanda the Adventurer 2,732.35,962.82,230.48,23.9,0.761,1200.00 JPY,9.99 USD,Nintendo Switch,636,70010000104244,70010000095194
Casual Sport Series: Hockey,243.51,577.31,333.8,57.8,0.422,399.00 JPY,5.99 USD,Nintendo Switch,639,70010000087222,70010000087220
Escape from Ever After,1708.81,2408.51,699.69,29.1,0.709,2800.00 JPY,24.99 USD,Nintendo Switch,640,70010000107817,70010000107815
FINAL FANTASY,903.23,1155.58,252.35,21.8,0.782,1480.00 JPY,11.99 USD,Nintendo Switch,641,70010000056566,70010000056567
MathLand,457.72,577.31,119.59,20.7,0.793,750.00 JPY,5.99 USD,Nintendo Switch,642,70010000007947,70010000007946
Arcade Archives Mario Bros.,511.42,770.07,258.64,33.6,0.664,838.00 JPY,7.99 USD,Nintendo Switch,646,70010000000918,70010000000917
Yu-Gi-Oh! EARLY DAYS COLLECTION,3692.26,4817.98,1125.72,23.4,0.766,6050.00 JPY,49.99 USD,Nintendo Switch,647,70010000084533,70010000084531
Ooblets,2245.87,2890.4,644.53,22.3,0.777,3680.00 JPY,29.99 USD,Nintendo Switch,649,70010000053380,70010000048967
SpiderHeck,909.33,1444.72,535.39,37.1,0.629,1490.00 JPY,14.99 USD,Nintendo Switch,651,70010000046213,70010000046214
GigaBash,2013.96,2408.51,394.55,16.4,0.836,3300.00 JPY,24.99 USD,Nintendo Switch,652,70010000064905,70010000046097
ACA NEOGEO METAL SLUG,511.42,770.07,258.64,33.6,0.664,838.00 JPY,7.99 USD,Nintendo Switch,653,70010000000213,70010000000214
Melatonin,1086.32,1444.72,358.4,24.8,0.752,1780.00 JPY,14.99 USD,Nintendo Switch,654,70010000068212,70010000058463
Teenage Mutant Ninja Turtles: The Cowabunga Collection,2013.96,3854.19,1840.23,47.7,0.523,3300.00 JPY,39.99 USD,Nintendo Switch,655,70010000042350,70010000042351
Yu-Gi-Oh! Legacy of the Duelist : Link Evolution,2013.96,3854.19,1840.23,47.7,0.523,3300.00 JPY,39.99 USD,Nintendo Switch,657,70010000016926,70010000016925
Dorfromantik,1031.39,1083.3,51.91,4.8,0.952,1690.00 JPY,11.24 USD,Nintendo Switch,658,70010000056983,70010000056984
MIO: Memories in Orbit,1409.77,1926.61,516.84,26.8,0.732,2310.00 JPY,19.99 USD,Nintendo Switch,659,70010000112959,70010000079189
Persona 3 Portable,1208.38,1926.61,718.24,37.3,0.627,1980.00 JPY,19.99 USD,Nintendo Switch,660,70010000041596,70010000060324
Road 96,1340.2,1923.72,583.52,30.3,0.697,2196.00 JPY,19.96 USD,Nintendo Switch,661,70010000039001,70010000039002
inKONBINI: One Store. Many Stories,2013.96,2408.51,394.55,16.4,0.836,3300.00 JPY,24.99 USD,Nintendo Switch 2,662,70010000113089,70010000113087
Good Job!™,1220.58,1926.61,706.03,36.6,0.634,2000.00 JPY,19.99 USD,Nintendo Switch,665,70010000029720,70010000029721
PGA TOUR 2K21,4027.92,5781.77,1753.85,30.3,0.697,6600.00 JPY,59.99 USD,Nintendo Switch,667,70010000028541,70010000028540
Enter the Gungeon,915.44,1444.72,529.28,36.6,0.634,1500.00 JPY,14.99 USD,Nintendo Switch,668,70010000002863,70010000002862
Animal Hunting 3D,768.97,770.07,1.1,0.1,0.999,1260.00 JPY,7.99 USD,Nintendo Switch,669,70010000080375,70010000080373
Tricky Towers,914.83,1444.72,529.89,36.7,0.633,1499.00 JPY,14.99 USD,Nintendo Switch,672,70010000003657,70010000003656
Lemon Cake ,1219.97,1926.61,706.64,36.7,0.633,1999.00 JPY,19.99 USD,Nintendo Switch,673,70010000052758,70010000052759
METAL GEAR SOLID - Master Collection Version,1678.3,1926.61,248.31,12.9,0.871,2750.00 JPY,19.99 USD,Nintendo Switch,674,70010000058226,70070000017903
Trombone Champ,903.23,1444.72,541.49,37.5,0.625,1480.00 JPY,14.99 USD,Nintendo Switch,675,70010000065993,70010000065994
Solarpunk,1415.26,2215.75,800.49,36.1,0.639,2319.00 JPY,22.99 USD,Nintendo Switch 2,677,70010000118062,70010000118060
Risk of Rain 2,1708.81,2408.51,699.69,29.1,0.709,2800.00 JPY,24.99 USD,Nintendo Switch,678,70010000021848,70010000020030
OFF,1208.38,1444.72,236.34,16.4,0.836,1980.00 JPY,14.99 USD,Nintendo Switch,679,70010000120822,70010000066747
The Outer Worlds,2074.99,2408.51,333.52,13.8,0.862,3400.00 JPY,24.99 USD,Nintendo Switch,680,70010000028873,70010000028872
Rain World,1708.81,2408.51,699.69,29.1,0.709,2800.00 JPY,24.99 USD,Nintendo Switch,681,70010000018414,70010000013493
Core Keeper – Nintendo Switch 2 Edition,1409.77,1926.61,516.84,26.8,0.732,2310.00 JPY,19.99 USD,Nintendo Switch 2,682,70010000115437,70010000115435
Arcade Archives SUNSETRIDERS,511.42,770.07,258.64,33.6,0.664,838.00 JPY,7.99 USD,Nintendo Switch,684,70010000028651,70010000028650
Crossy Road Castle,1922.41,1926.61,4.2,0.2,0.998,3150.00 JPY,19.99 USD,Nintendo Switch,689,70010000072147,70010000072145
Bayonetta™ 2,4014.49,4817.98,803.49,16.7,0.833,6578.00 JPY,49.99 USD,Nintendo Switch,690,70010000001108,70010000001107
The Cosmic Wheel Sisterhood,1220.58,1733.86,513.27,29.6,0.704,2000.00 JPY,17.99 USD,Nintendo Switch,691,70010000064688,70010000064689
Chants of Sennaar,1476.9,1926.61,449.71,23.3,0.767,2420.00 JPY,19.99 USD,Nintendo Switch,693,70010000060399,70010000060400
Minishoot' Adventures,1068.01,1541.1,473.09,30.7,0.693,1750.00 JPY,15.99 USD,Nintendo Switch,694,70010000110733,70010000084569
JAWS: Retro Edition,1098.52,1444.72,346.2,24.0,0.76,1800.00 JPY,14.99 USD,Nintendo Switch,698,70010000117402,70010000117400
Death's Door,1251.1,1926.61,675.52,35.1,0.649,2050.00 JPY,19.99 USD,Nintendo Switch,702,70010000046940,70010000046941
OneShot: World Machine Edition,1006.98,1444.72,437.74,30.3,0.697,1650.00 JPY,14.99 USD,Nintendo Switch,706,70010000051303,70010000051304
ACE COMBAT™7: SKIES UNKNOWN DELUXE EDITION,2428.96,5781.77,3352.81,58.0,0.42,3980.00 JPY,59.99 USD,Nintendo Switch,707,70010000067606,70010000074355
Mini Motorways,1037.49,1444.72,407.23,28.2,0.718,1700.00 JPY,14.99 USD,Nintendo Switch,714,70010000041242,70010000041243
The Mean Greens - Plastic Warfare,670.71,962.82,292.12,30.3,0.697,1099.00 JPY,9.99 USD,Nintendo Switch,721,70010000036027,70010000036028
Blazblue Entropy Effect X,1812.56,2408.51,595.94,24.7,0.753,2970.00 JPY,24.99 USD,Nintendo Switch,723,70010000105928,70010000105926
ACA NEOGEO THE KING OF FIGHTERS 2002,511.42,770.07,258.64,33.6,0.664,838.00 JPY,7.99 USD,Nintendo Switch,724,70010000010428,70010000010427
METAL GEAR SOLID 3: Snake Eater - Master Collection Version,1678.3,1926.61,248.31,12.9,0.871,2750.00 JPY,19.99 USD,Nintendo Switch,729,70010000058228,70010000064119
Brothers: A Tale of Two Sons,970.36,1444.72,474.36,32.8,0.672,1590.00 JPY,14.99 USD,Nintendo Switch,731,70010000034076,70010000016192
Spelunky 2,1513.52,1926.61,413.09,21.4,0.786,2480.00 JPY,19.99 USD,Nintendo Switch,732,70010000036427,70010000036428
The Oregon Trail,878.82,1155.58,276.76,24.0,0.76,1440.00 JPY,11.99 USD,Nintendo Switch,733,70010000053730,70010000053725
Monster Train 2,1708.81,2408.51,699.69,29.1,0.709,2800.00 JPY,24.99 USD,Nintendo Switch,734,70010000087396,70010000087394
Five Nights at Freddy's: Help Wanted 2,3020.94,3854.19,833.25,21.6,0.784,4950.00 JPY,39.99 USD,Nintendo Switch,735,70010000082640,70010000082638
PICROSS S CAPCOM CLASSICS edition,1098.52,1733.86,635.33,36.6,0.634,1800.00 JPY,17.99 USD,Nintendo Switch,737,70010000099640,70010000099638
Biomutant,3155.2,3854.19,698.99,18.1,0.819,5170.00 JPY,39.99 USD,Nintendo Switch,739,70010000064911,70010000055878
ASTRONEER,1830.87,2890.4,1059.53,36.7,0.633,3000.00 JPY,29.99 USD,Nintendo Switch,740,70010000045644,70010000037336
Shovel Knight: Treasure Trove,1318.23,3854.19,2535.96,65.8,0.342,2160.00 JPY,39.99 USD,Nintendo Switch,748,70010000000657,70010000000121
Haste,1403.67,1926.61,522.95,27.1,0.729,2300.00 JPY,19.99 USD,Nintendo Switch 2,750,70010000120765,70010000120763
DOOM 64,353.97,480.93,126.96,26.4,0.736,580.00 JPY,4.99 USD,Nintendo Switch,751,70010000023074,70010000020406
ACA NEOGEO METAL SLUG X,511.42,770.07,258.64,33.6,0.664,838.00 JPY,7.99 USD,Nintendo Switch,752,70010000001194,70010000001193
The Room,609.68,962.82,353.14,36.7,0.633,999.00 JPY,9.99 USD,Nintendo Switch,753,70010000013612,70010000013404
Pummel Party,1037.49,1444.72,407.23,28.2,0.718,1700.00 JPY,14.99 USD,Nintendo Switch,757,70010000068063,70010000068064
SIGNALIS,1208.38,1926.61,718.24,37.3,0.627,1980.00 JPY,19.99 USD,Nintendo Switch,765,70010000055846,70010000054886
Arcade Archives DIG DUG,511.42,770.07,258.64,33.6,0.664,838.00 JPY,7.99 USD,Nintendo Switch,766,70010000053742,70010000053743
Goat Simulator: The GOATY,1830.26,2890.4,1060.14,36.7,0.633,2999.00 JPY,29.99 USD,Nintendo Switch,767,70010000015047,70010000015046
Virtua Fighter 5 R.E.V.O. World Stage,1525.73,1926.61,400.89,20.8,0.792,2500.00 JPY,19.99 USD,Nintendo Switch 2,769,70010000102124,70010000102122
Root,1674.03,1926.61,252.59,13.1,0.869,2743.00 JPY,19.99 USD,Nintendo Switch,771,70010000065036,70010000041423
OCTOPATH TRAVELER II,3343.17,5781.77,2438.6,42.2,0.578,5478.00 JPY,59.99 USD,Nintendo Switch,773,70010000108550,70010000058128
Dead Cells,1513.52,2408.51,894.99,37.2,0.628,2480.00 JPY,24.99 USD,Nintendo Switch,774,70010000013175,70010000007706
Undusted: Letters from the Past,732.35,962.82,230.48,23.9,0.761,1200.00 JPY,9.99 USD,Nintendo Switch,779,70010000100046,70010000095624
FINAL FANTASY IV,1342.64,1733.86,391.22,22.6,0.774,2200.00 JPY,17.99 USD,Nintendo Switch,783,70010000056581,70010000056582
Mixtape,1403.67,1541.1,137.43,8.9,0.911,2300.00 JPY,15.99 USD,Nintendo Switch 2,789,70010000113918,70010000113916
Go-Go Town!,2074.99,2890.4,815.41,28.2,0.718,3400.00 JPY,29.99 USD,Nintendo Switch,791,70010000125470,70010000066160
Sticky Business,292.94,962.82,669.89,69.6,0.304,480.00 JPY,9.99 USD,Nintendo Switch,792,70010000073484,70010000073482
Squirrel with a Gun,1611.17,1926.61,315.45,16.4,0.836,2640.00 JPY,19.99 USD,Nintendo Switch 2,793,70010000103975,70010000103973
Alien: Rogue Incursion Evolved Edition,1901.66,1926.61,24.95,1.3,0.987,3116.00 JPY,19.99 USD,Nintendo Switch 2,794,70010000119575,70010000119573
Superliminal,500.44,770.07,269.63,35.0,0.65,820.00 JPY,7.99 USD,Nintendo Switch,795,70010000028674,70010000028673
Neopets - Mega Mini Games Collection - The Neopian Arcade Odyssey,1208.38,1444.72,236.34,16.4,0.836,1980.00 JPY,14.99 USD,Nintendo Switch,797,70010000110286,70010000110284
Go Vacation™,3343.17,4817.98,1474.81,30.6,0.694,5478.00 JPY,49.99 USD,Nintendo Switch,802,70010000009917,70010000009230
Garten of Banban 2,408.28,480.93,72.65,15.1,0.849,669.00 JPY,4.99 USD,Nintendo Switch,803,70010000079861,70010000079859
Minecraft Legends,3222.33,3854.19,631.86,16.4,0.836,5280.00 JPY,39.99 USD,Nintendo Switch,804,70010000033695,70010000033696
Forager,1208.38,1926.61,718.24,37.3,0.627,1980.00 JPY,19.99 USD,Nintendo Switch,806,70010000013005,70010000013004
NINJA GAIDEN: Ragebound,2013.96,2408.51,394.55,16.4,0.836,3300.00 JPY,24.99 USD,Nintendo Switch,807,70010000100907,70010000086459
Sniper Elite 4,3343.17,3854.19,511.02,13.3,0.867,5478.00 JPY,39.99 USD,Nintendo Switch,808,70010000033622,70010000027850
Sid Meier's Civilization® VII,4699.24,5781.77,1082.53,18.7,0.813,7700.00 JPY,59.99 USD,Nintendo Switch,811,70010000041429,70010000041430
Chained Echoes,1708.81,2408.51,699.69,29.1,0.709,2800.00 JPY,24.99 USD,Nintendo Switch,813,70010000058513,70010000046426
Totally Reliable Delivery Service,976.46,1444.72,468.25,32.4,0.676,1600.00 JPY,14.99 USD,Nintendo Switch,814,70010000026952,70010000026951
Echoes of the Plum Grove,671.32,962.82,291.51,30.3,0.697,1100.00 JPY,9.99 USD,Nintendo Switch,815,70010000088172,70010000088170
Moonstone Island,717.09,1926.61,1209.52,62.8,0.372,1175.00 JPY,19.99 USD,Nintendo Switch,817,70010000069093,70010000069094
Bendy and the Ink Machine,1403.67,1926.61,522.95,27.1,0.729,2300.00 JPY,19.99 USD,Nintendo Switch,819,70010000114414,70010000012899
Kingdoms of Amalur: Re-Reckoning,3222.33,3854.19,631.86,16.4,0.836,5280.00 JPY,39.99 USD,Nintendo Switch,821,70010000038063,70010000035967
WINGSPAN,671.32,962.82,291.51,30.3,0.697,1100.00 JPY,9.99 USD,Nintendo Switch,822,70010000037019,70010000028355
Yooka-Replaylee,1452.49,2022.99,570.5,28.2,0.718,2380.00 JPY,20.99 USD,Nintendo Switch 2,825,70010000106662,70010000098659
Batman: Arkham City,2114.66,2408.51,293.85,12.2,0.878,3465.00 JPY,24.99 USD,Nintendo Switch,826,70010000045910,70010000045911
Animal Shelter Simulator,1219.97,1444.72,224.75,15.6,0.844,1999.00 JPY,14.99 USD,Nintendo Switch,837,70010000066607,70010000066130
Katamari Damacy REROLL,1074.11,2890.4,1816.29,62.8,0.372,1760.00 JPY,29.99 USD,Nintendo Switch,839,70010000014833,70010000013947
CloverPit,732.35,962.82,230.48,23.9,0.761,1200.00 JPY,9.99 USD,Nintendo Switch 2,844,70010000128978,70010000128976
Monster Jam™ Showdown,3557.99,4817.98,1259.99,26.2,0.738,5830.00 JPY,49.99 USD,Nintendo Switch,845,70010000081867,70010000067261
Bear and Breakfast,1403.67,1926.61,522.95,27.1,0.729,2300.00 JPY,19.99 USD,Nintendo Switch,848,70010000064601,70010000028856
Outbound,1450.05,1926.61,476.56,24.7,0.753,2376.00 JPY,19.99 USD,Nintendo Switch 2,849,70010000118901,70010000104048
Outbound,1450.05,1926.61,476.56,24.7,0.753,2376.00 JPY,19.99 USD,Nintendo Switch,851,70010000118901,70010000104051
FATAL FRAME II: Crimson Butterfly REMAKE　 ,3893.65,4817.98,924.33,19.2,0.808,6380.00 JPY,49.99 USD,Nintendo Switch 2,852,70010000105944,70010000105942
LEGO® Horizon Adventures™,2734.1,3854.19,1120.09,29.1,0.709,4480.00 JPY,39.99 USD,Nintendo Switch,853,70010000083705,70010000065644
Arcade Archives DONKEY KONG JR.,511.42,770.07,258.64,33.6,0.664,838.00 JPY,7.99 USD,Nintendo Switch,854,70010000014815,70010000014814
Guilty Gear -Strive- Nintendo Switch Edition,3625.13,5781.77,2156.64,37.3,0.627,5940.00 JPY,59.99 USD,Nintendo Switch,856,70010000081023,70010000081021
Batman: Arkham Knight,2114.66,2408.51,293.85,12.2,0.878,3465.00 JPY,24.99 USD,Nintendo Switch,857,70010000045915,70010000045916
Clone Drone in the Danger Zone,302.09,480.93,178.84,37.2,0.628,495.00 JPY,4.99 USD,Nintendo Switch,858,70010000031868,70010000031869
My Little Puppy,1769.84,2408.51,638.67,26.5,0.735,2900.00 JPY,24.99 USD,Nintendo Switch,860,70010000119648,70010000119646
Castlevania Dominus Collection,839.15,1203.77,364.62,30.3,0.697,1375.00 JPY,12.49 USD,Nintendo Switch,862,70010000065728,70010000065729
Cronos: The New Dawn,4851.81,5781.77,929.96,16.1,0.839,7950.00 JPY,59.99 USD,Nintendo Switch 2,866,70010000100074,70010000100072
Monster Jam Steel Titans 2,1176.64,3854.19,2677.55,69.5,0.305,1928.00 JPY,39.99 USD,Nintendo Switch,867,70010000037046,70010000034703
NAMCO MUSEUM,903.23,2890.4,1987.17,68.8,0.312,1480.00 JPY,29.99 USD,Nintendo Switch,868,70010000000995,70010000000722
Rubber Bandits,825.11,962.82,137.71,14.3,0.857,1352.00 JPY,9.99 USD,Nintendo Switch,871,70010000053647,70010000053648
INSIDE,1708.81,2408.51,699.69,29.1,0.709,2800.00 JPY,24.99 USD,Nintendo Switch,874,70010000011738,70010000005804
Hotline Miami Collection,1568.45,2408.51,840.06,34.9,0.651,2570.00 JPY,24.99 USD,Nintendo Switch,877,70010000020091,70010000020090
METAL GEAR SOLID 2: Sons of Liberty - Master Collection Version,1678.3,1926.61,248.31,12.9,0.871,2750.00 JPY,19.99 USD,Nintendo Switch,878,70010000058227,70010000064117
Dollmare,304.53,480.93,176.4,36.7,0.633,499.00 JPY,4.99 USD,Nintendo Switch,881,70010000100301,70010000100299
Spelunky,781.17,962.82,181.65,18.9,0.811,1280.00 JPY,9.99 USD,Nintendo Switch,888,70010000036422,70010000036423
The Last Campfire,903.23,1444.72,541.49,37.5,0.625,1480.00 JPY,14.99 USD,Nintendo Switch,889,70010000028626,70010000028625
Little Friends: Dogs & Cats,3893.65,4817.98,924.33,19.2,0.808,6380.00 JPY,49.99 USD,Nintendo Switch,890,70010000011542,70010000018236
Wolfenstein II®: The New Colossus™,2685.28,3854.19,1168.91,30.3,0.697,4400.00 JPY,39.99 USD,Nintendo Switch,891,70010000005323,70010000005065
Monster Hunter Rise,304.53,480.93,176.4,36.7,0.633,499.00 JPY,4.99 USD,Nintendo Switch,894,70010000029014,70010000029016
Garten of Banban 0,408.28,480.93,72.65,15.1,0.849,669.00 JPY,4.99 USD,Nintendo Switch,895,70010000095036,70010000095034
Broforce,915.44,1444.72,529.28,36.6,0.634,1500.00 JPY,14.99 USD,Nintendo Switch,896,70010000011557,70010000011556
Cozy Cooking: Tiny Tastes,182.48,770.07,587.59,76.3,0.237,299.00 JPY,7.99 USD,Nintendo Switch,897,70010000099600,70010000099598
Super Mega Baseball™ 4,3417.63,4817.98,1400.35,29.1,0.709,5600.00 JPY,49.99 USD,Nintendo Switch,898,70010000048940,70010000048941
Choo-Choo Charles,1403.67,1926.61,522.95,27.1,0.729,2300.00 JPY,19.99 USD,Nintendo Switch,899,70010000074971,70010000070923
Dread Delusion,1251.1,1926.61,675.52,35.1,0.649,2050.00 JPY,19.99 USD,Nintendo Switch 2,900,70010000119096,70010000119094
Storyteller,1159.55,1444.72,285.17,19.7,0.803,1900.00 JPY,14.99 USD,Nintendo Switch,901,70010000044947,70010000044948
Blanc,1055.8,1444.72,388.92,26.9,0.731,1730.00 JPY,14.99 USD,Nintendo Switch,902,70010000058848,70010000038144
Airplane Flight Simulator,176.98,1444.72,1267.73,87.7,0.123,290.00 JPY,14.99 USD,Nintendo Switch,904,70010000067078,70010000022817
Arcade Archives PUNCH-OUT!!,511.42,770.07,258.64,33.6,0.664,838.00 JPY,7.99 USD,Nintendo Switch,905,70010000006243,70010000006242
Townscaper,378.38,577.31,198.93,34.5,0.655,620.00 JPY,5.99 USD,Nintendo Switch,907,70010000038516,70010000038517
FINAL FANTASY XII THE ZODIAC AGE,1168.1,4817.98,3649.88,75.8,0.242,1914.00 JPY,49.99 USD,Nintendo Switch,909,70010000009747,70010000009746
FATE: Reawakened,2282.49,2408.51,126.02,5.2,0.948,3740.00 JPY,24.99 USD,Nintendo Switch,914,70010000083167,70010000083165
Another Crab's Treasure,2013.96,2890.4,876.44,30.3,0.697,3300.00 JPY,29.99 USD,Nintendo Switch,915,70010000051251,70010000051252
CarX Drift Racing Online,1922.41,2881.73,959.31,33.3,0.667,3150.00 JPY,29.90 USD,Nintendo Switch,920,70010000035297,70010000035298
Arcade Archives Burger Time,511.42,770.07,258.64,33.6,0.664,838.00 JPY,7.99 USD,Nintendo Switch,921,70010000031990,70010000031991
PBA Pro Bowling 2026,3050.84,3854.19,803.35,20.8,0.792,4999.00 JPY,39.99 USD,Nintendo Switch,925,70010000098471,70010000098469
Backrooms,701.83,962.82,260.99,27.1,0.729,1150.00 JPY,9.99 USD,Nintendo Switch,927,70010000085254,70010000085247
Super Meat Boy,903.23,1444.72,541.49,37.5,0.625,1480.00 JPY,14.99 USD,Nintendo Switch,930,70010000028684,70010000001990
Garten of Banban 3,408.28,480.93,72.65,15.1,0.849,669.00 JPY,4.99 USD,Nintendo Switch,934,70010000079854,70010000079850
Wizard of Legend 2,1568.45,2408.51,840.06,34.9,0.651,2570.00 JPY,24.99 USD,Nintendo Switch,935,70010000085517,70010000085515
Into the Breach,988.67,1444.72,456.05,31.6,0.684,1620.00 JPY,14.99 USD,Nintendo Switch,936,70010000011497,70010000011496
Arcade Archives SUPER PUNCH-OUT!!,511.42,770.07,258.64,33.6,0.664,838.00 JPY,7.99 USD,Nintendo Switch,937,70010000030307,70010000030308
Thronefall,915.44,1251.96,336.53,26.9,0.731,1500.00 JPY,12.99 USD,Nintendo Switch,938,70010000083990,70010000083988
Kingdom Come Deliverance: Royal Edition,3649.54,4817.98,1168.44,24.3,0.757,5980.00 JPY,49.99 USD,Nintendo Switch,941,70010000070224,70010000056686
Resident Evil Revelations,1214.48,1926.61,712.14,37.0,0.63,1990.00 JPY,19.99 USD,Nintendo Switch,944,70010000001423,70010000001421
Yakuza Kiwami 3 & Dark Ties,5486.51,5781.77,295.26,5.1,0.949,8990.00 JPY,59.99 USD,Nintendo Switch 2,945,70010000102007,70010000102005
Woodo - Nintendo Switch 2 Edition,1812.56,1926.61,114.05,5.9,0.941,2970.00 JPY,19.99 USD,Nintendo Switch 2,947,70010000136352,70010000136350
In Stars and Time,1403.67,1926.61,522.95,27.1,0.729,2300.00 JPY,19.99 USD,Nintendo Switch,948,70010000072177,70010000055666
Truck Simulator 2024 - USA Driver Zone,1219.97,1348.34,128.37,9.5,0.905,1999.00 JPY,13.99 USD,Nintendo Switch,950,70010000066890,70010000066891
Ultra Foodmess,299.04,384.55,85.51,22.2,0.778,490.00 JPY,3.99 USD,Nintendo Switch,953,70010000065299,70010000032359
GRIS,1086.32,1637.48,551.16,33.7,0.663,1780.00 JPY,16.99 USD,Nintendo Switch,956,70010000014007,70010000014006
Fabledom,1800.36,2408.51,608.15,25.3,0.747,2950.00 JPY,24.99 USD,Nintendo Switch,959,70010000083910,70010000078471
Cat Quest III,683.53,770.07,86.54,11.2,0.888,1120.00 JPY,7.99 USD,Nintendo Switch,962,70010000067864,70010000067865
Call of Warfare - FPS MODERN SHOOTER,1219.97,1251.96,31.99,2.6,0.974,1999.00 JPY,12.99 USD,Nintendo Switch,965,70010000108863,70010000108861
Long Run 2,90.93,95.42,4.48,4.7,0.953,149.00 JPY,0.99 USD,Nintendo Switch,967,70010000114641,70010000114639
Jay and Silent Bob: Chronic Blunt Punch,1403.67,1926.61,522.95,27.1,0.729,2300.00 JPY,19.99 USD,Nintendo Switch,968,70010000112711,70010000112709
METAL GEAR SOLID: Peace Walker - Master Collection Version,1678.3,1926.61,248.31,12.9,0.871,2750.00 JPY,19.99 USD,Nintendo Switch 2,970,70010000108261,70010000108262
Dinosaur RPG - Dino Survival Simulator Survivor,914.83,962.82,48.0,5.0,0.95,1499.00 JPY,9.99 USD,Nintendo Switch,971,70010000087564,70010000087562
The Wandering Village,1452.49,2890.4,1437.91,49.7,0.503,2380.00 JPY,29.99 USD,Nintendo Switch,973,70010000082517,70010000082515
Maestro,3039.25,3372.3,333.05,9.9,0.901,4980.00 JPY,34.99 USD,Nintendo Switch 2,975,70010000129782,70010000129780
Carnival Games®,1818.67,1926.61,107.95,5.6,0.944,2980.00 JPY,19.99 USD,Nintendo Switch,978,70010000005283,70010000005282
RollerCoaster Tycoon Adventures Deluxe,2929.39,3854.19,924.8,24.0,0.76,4800.00 JPY,39.99 USD,Nintendo Switch,979,70010000069401,70010000069402
Hitman: Blood Money — Reprisal,2287.98,2890.4,602.42,20.8,0.792,3749.00 JPY,29.99 USD,Nintendo Switch,980,70010000065451,70010000065452
Duke Nukem 3D: 20th Anniversary World Tour,671.32,962.82,291.51,30.3,0.697,1100.00 JPY,9.99 USD,Nintendo Switch,987,70010000026290,70010000020032
Saints Row IV®: Re-Elected™,1342.03,1926.61,584.58,30.3,0.697,2199.00 JPY,19.99 USD,Nintendo Switch,988,70010000016900,70010000016899
ACA NEOGEO METAL SLUG 5,511.42,770.07,258.64,33.6,0.664,838.00 JPY,7.99 USD,Nintendo Switch,989,70010000010425,70010000010424
TOKYO SCRAMBLE,1000.27,1444.72,444.45,30.8,0.692,1639.00 JPY,14.99 USD,Nintendo Switch 2,991,70010000101002,70010000101000
METAL GEAR SOLID 4: Guns of the Patriots - Master Collection Version,2349.62,2890.4,540.78,18.7,0.813,3850.00 JPY,29.99 USD,Nintendo Switch,992,70010000107219,70010000070278
CrossCode,1342.64,1926.61,583.97,30.3,0.697,2200.00 JPY,19.99 USD,Nintendo Switch,998,70010000030494,70010000015329
Dinkum Nintendo Switch 2 Edition,1122.93,1541.1,418.16,27.1,0.729,1840.00 JPY,15.99 USD,Nintendo Switch 2,1002,70010000117433,70010000120169
Sheepy: A Short Adventure,180.04,192.76,12.72,6.6,0.934,295.00 JPY,2.00 USD,Nintendo Switch,1005,70010000096998,70010000096996
PAC-MAN MUSEUM+,604.19,1926.61,1322.43,68.6,0.314,990.00 JPY,19.99 USD,Nintendo Switch,1007,70010000041623,70010000051254
DEEEER Simulator: Your Average Everyday Deer Game,604.19,1926.61,1322.43,68.6,0.314,990.00 JPY,19.99 USD,Nintendo Switch,1011,70010000041513,70010000041514
Castlevania Advance Collection,402.79,577.31,174.52,30.2,0.698,660.00 JPY,5.99 USD,Nintendo Switch,1012,70010000039279,70010000044378
FAITH: The Unholy Trinity,518.75,1444.72,925.97,64.1,0.359,850.00 JPY,14.99 USD,Nintendo Switch,1014,70010000093135,70010000085026
Bayonetta Origins: Cereza and the Lost Demon™ ,3966.89,5781.77,1814.88,31.4,0.686,6500.00 JPY,59.99 USD,Nintendo Switch,1015,70010000061845,70010000061846
Graveyard Keeper 2,2319.1,2408.51,89.4,3.7,0.963,3800.00 JPY,24.99 USD,Nintendo Switch,1017,70010000124105,70010000121716
Hidden in Plain Sight,487.62,577.31,89.69,15.5,0.845,799.00 JPY,5.99 USD,Nintendo Switch,1020,70010000065332,70010000028289
Katana ZERO,964.26,1444.72,480.46,33.3,0.667,1580.00 JPY,14.99 USD,Nintendo Switch,1021,70010000017138,70010000017136
Pentiment,1275.51,1926.61,651.11,33.8,0.662,2090.00 JPY,19.99 USD,Nintendo Switch,1023,70010000068742,70010000068743
The Past Within,488.23,577.31,89.08,15.4,0.846,800.00 JPY,5.99 USD,Nintendo Switch,1025,70010000048418,70010000048419
RollerCoaster Tycoon® Classic – Nintendo Switch™ 2 Edition,2489.98,2890.4,400.42,13.9,0.861,4080.00 JPY,29.99 USD,Nintendo Switch 2,1026,70010000127475,70010000127473
Life is Strange 2,800.09,3083.16,2283.07,74.0,0.26,1311.00 JPY,31.99 USD,Nintendo Switch,1027,70010000039199,70010000029410
Tick Tock: A Tale for Two,378.38,577.31,198.93,34.5,0.655,620.00 JPY,5.99 USD,Nintendo Switch,1029,70010000023732,70010000014288
Garten of Banban 7,792.77,962.82,170.06,17.7,0.823,1299.00 JPY,9.99 USD,Nintendo Switch,1030,70010000087232,70010000087230
LIMBO,854.41,1203.77,349.37,29.0,0.71,1400.00 JPY,12.49 USD,Nintendo Switch,1035,70010000011737,70010000005802
Death Howl,1403.67,1926.61,522.95,27.1,0.729,2300.00 JPY,19.99 USD,Nintendo Switch,1036,70010000100405,70010000100403
There Is No Game: Wrong Dimension,1019.19,1251.96,232.78,18.6,0.814,1670.00 JPY,12.99 USD,Nintendo Switch,1044,70010000038967,70010000038968
BioShock: The Collection,3692.26,4817.98,1125.72,23.4,0.766,6050.00 JPY,49.99 USD,Nintendo Switch,1047,70010000029493,70010000029352
Arcade Archives CONTRA,511.42,770.07,258.64,33.6,0.664,838.00 JPY,7.99 USD,Nintendo Switch,1048,70010000033467,70010000033468
Sunderfolk,2013.96,4817.98,2804.02,58.2,0.418,3300.00 JPY,49.99 USD,Nintendo Switch,1049,70010000093367,70010000082102
Tokyo Mirage Sessions™ #FE Encore ,4497.84,5781.77,1283.93,22.2,0.778,7370.00 JPY,59.99 USD,Nintendo Switch,1052,70010000023174,70010000022886
AEW: Fight Forever,1262.08,3854.19,2592.11,67.3,0.327,2068.00 JPY,39.99 USD,Nintendo Switch,1063,70010000059240,70010000058734
Rift of the NecroDancer,1403.67,1926.61,522.95,27.1,0.729,2300.00 JPY,19.99 USD,Nintendo Switch,1064,70010000064327,70010000064328
Ghostbusters: Spirits Unleashed Ecto Edition,1329.21,1926.61,597.4,31.0,0.69,2178.00 JPY,19.99 USD,Nintendo Switch,1065,70010000064175,70010000047171
The Midnight Walk,2074.99,2890.4,815.41,28.2,0.718,3400.00 JPY,29.99 USD,Nintendo Switch 2,1067,70010000110857,70010000110855
Sky Force Reloaded,610.29,962.82,352.53,36.6,0.634,1000.00 JPY,9.99 USD,Nintendo Switch,1069,70010000022118,70010000001406
Wizard of Legend,1025.29,1541.1,515.81,33.5,0.665,1680.00 JPY,15.99 USD,Nintendo Switch,1071,70010000003090,70010000003089
Pipistrello and the Cursed Yoyo,1769.84,1926.61,156.77,8.1,0.919,2900.00 JPY,19.99 USD,Nintendo Switch,1072,70010000083561,70010000083559
Super Meat Boy Forever,427.2,480.93,53.73,11.2,0.888,700.00 JPY,4.99 USD,Nintendo Switch,1073,70010000017524,70010000017523
SOUTH PARK: SNOW DAY!,1338.98,2890.4,1551.42,53.7,0.463,2194.00 JPY,29.99 USD,Nintendo Switch,1075,70010000071869,70010000064642
Cooking Arena,183.09,288.17,105.09,36.5,0.635,300.00 JPY,2.99 USD,Nintendo Switch,1076,70010000068197,70010000068198
Cozy Grove: Camp Spirit,1586.76,1926.61,339.86,17.6,0.824,2600.00 JPY,19.99 USD,Nintendo Switch,1077,70010000121612,70010000120332
Bendy and the Dark Revival,1403.67,1926.61,522.95,27.1,0.729,2300.00 JPY,19.99 USD,Nintendo Switch,1078,70010000098985,70010000095084
A Dance of Fire and Ice,732.35,962.82,230.48,23.9,0.761,1200.00 JPY,9.99 USD,Nintendo Switch,1082,70010000089147,70010000089145
Nidhogg 2,704.89,1444.72,739.83,51.2,0.488,1155.00 JPY,14.99 USD,Nintendo Switch,1086,70010000016020,70010000010962
HOT WHEELS UNLEASHED™ 2 - Turbocharged,3557.99,3854.19,296.2,7.7,0.923,5830.00 JPY,39.99 USD,Nintendo Switch,1090,70010000064400,70010000056862
Potion Permit,1208.38,1926.61,718.24,37.3,0.627,1980.00 JPY,19.99 USD,Nintendo Switch,1092,70010000056378,70010000035808
Big Hops,1403.67,1926.61,522.95,27.1,0.729,2300.00 JPY,19.99 USD,Nintendo Switch,1096,70010000103714,70010000103712
BEYBLADE X EVOBATTLE,3075.86,3372.3,296.43,8.8,0.912,5040.00 JPY,34.99 USD,Nintendo Switch,1097,70010000094025,70010000094028
Becastled,2197.05,2408.51,211.46,8.8,0.912,3600.00 JPY,24.99 USD,Nintendo Switch,1098,70010000102674,70010000102672
BioShock Remastered,1476.9,1926.61,449.71,23.3,0.767,2420.00 JPY,19.99 USD,Nintendo Switch,1099,70010000026219,70010000026218
Tangle Tower,1251.1,1926.61,675.52,35.1,0.649,2050.00 JPY,19.99 USD,Nintendo Switch,1100,70010000022632,70010000022631
Risk of Rain Returns,1068.01,1444.72,376.71,26.1,0.739,1750.00 JPY,14.99 USD,Nintendo Switch,1102,70010000061925,70010000061926
World Cup Soccer 2026,604.19,770.07,165.88,21.5,0.785,990.00 JPY,7.99 USD,Nintendo Switch,1104,70010000097095,70010000097093
Baseball,945.95,962.82,16.87,1.8,0.982,1550.00 JPY,9.99 USD,Nintendo Switch,1106,70010000091007,70010000091005
ACA NEOGEO METAL SLUG 2,511.42,770.07,258.64,33.6,0.664,838.00 JPY,7.99 USD,Nintendo Switch,1108,70010000001059,70010000001058
POOLS,762.86,943.55,180.69,19.1,0.809,1250.00 JPY,9.79 USD,Nintendo Switch,1110,70010000116992,70010000116990
SUPER BOMBERMAN R 2,3658.69,4817.98,1159.29,24.1,0.759,5995.00 JPY,49.99 USD,Nintendo Switch,1116,70010000051701,70010000051702
FINAL FANTASY V,1342.64,1733.86,391.22,22.6,0.774,2200.00 JPY,17.99 USD,Nintendo Switch,1117,70010000056586,70010000056587
Alan Wake Remastered,1879.69,2890.4,1010.71,35.0,0.65,3080.00 JPY,29.99 USD,Nintendo Switch,1121,70010000050843,70010000050844
FINAL FANTASY II,903.23,1155.58,252.35,21.8,0.782,1480.00 JPY,11.99 USD,Nintendo Switch,1123,70010000056571,70010000056572
Botany Manor,725.03,2408.51,1683.48,69.9,0.301,1188.00 JPY,24.99 USD,Nintendo Switch,1126,70010000080596,70010000060342
BOXBOY! + BOXGIRL!™ ,745.77,962.82,217.05,22.5,0.775,1222.00 JPY,9.99 USD,Nintendo Switch,1129,70010000018676,70010000018692
Destroy All Humans!,2917.19,3854.19,937.0,24.3,0.757,4780.00 JPY,39.99 USD,Nintendo Switch 2,1131,70010000040885,70010000114729
LUNAR Remastered Collection,4259.83,4817.98,558.15,11.6,0.884,6980.00 JPY,49.99 USD,Nintendo Switch,1134,70010000079428,70010000079426
Mega Man 11,1824.77,2890.4,1065.63,36.9,0.631,2990.00 JPY,29.99 USD,Nintendo Switch,1138,70010000003965,70010000003964
My Cozy Room,848.3,866.45,18.14,2.1,0.979,1390.00 JPY,8.99 USD,Nintendo Switch,1139,70010000090181,70010000090179
Batman: Arkham Asylum,2114.66,2408.51,293.85,12.2,0.878,3465.00 JPY,24.99 USD,Nintendo Switch,1141,70010000045903,70010000045904
No More Heroes,1329.21,1926.61,597.4,31.0,0.69,2178.00 JPY,19.99 USD,Nintendo Switch,1142,70010000022436,70010000022435
Borderlands: Game of the Year Edition,2148.22,2890.4,742.18,25.7,0.743,3520.00 JPY,29.99 USD,Nintendo Switch,1143,70010000022956,70010000022955
The Cabin Factory,212.99,288.17,75.18,26.1,0.739,349.00 JPY,2.99 USD,Nintendo Switch,1147,70010000099102,70010000099100
Pizza Possum,244.12,673.69,429.57,63.8,0.362,400.00 JPY,6.99 USD,Nintendo Switch,1148,70010000069717,70010000065162
Boxes: Lost Fragment,1342.64,1444.72,102.08,7.1,0.929,2200.00 JPY,14.99 USD,Nintendo Switch,1150,70010000102215,70010000102213
Double Dragon Revive,3020.94,3372.3,351.36,10.4,0.896,4950.00 JPY,34.99 USD,Nintendo Switch,1151,70010000093001,70010000092999
PICROSS S9,610.29,962.82,352.53,36.6,0.634,1000.00 JPY,9.99 USD,Nintendo Switch,1152,70010000058965,70010000058966
Garten of Banban 6,792.77,962.82,170.06,17.7,0.823,1299.00 JPY,9.99 USD,Nintendo Switch,1153,70010000087227,70010000087225
TETRIS® THE GRAND MASTER 4 -ABSOLUTE EYE-,1708.81,2408.51,699.69,29.1,0.709,2800.00 JPY,24.99 USD,Nintendo Switch,1154,70010000123796,70010000123794
JellyCar Worlds,183.09,191.79,8.71,4.5,0.955,300.00 JPY,1.99 USD,Nintendo Switch,1156,70010000049673,70010000049674
CARRION ,1251.1,1926.61,675.52,35.1,0.649,2050.00 JPY,19.99 USD,Nintendo Switch,1157,70010000020949,70010000020948
Neva,1403.67,1926.61,522.95,27.1,0.729,2300.00 JPY,19.99 USD,Nintendo Switch,1161,70010000067707,70010000067708
Educational Games for Kids,897.13,1248.11,350.98,28.1,0.719,1470.00 JPY,12.95 USD,Nintendo Switch,1164,70010000049734,70010000034742
Kiosk,304.53,384.55,80.02,20.8,0.792,499.00 JPY,3.99 USD,Nintendo Switch,1165,70010000106489,70010000106487
Hentai Office Enigma,78.73,95.42,16.69,17.5,0.825,129.00 JPY,0.99 USD,Nintendo Switch,1166,70010000115794,70010000115792
ACA NEOGEO METAL SLUG 4,511.42,770.07,258.64,33.6,0.664,838.00 JPY,7.99 USD,Nintendo Switch,1169,70010000010374,70010000010373
Devil May Cry 5 Devil Hunter Edition,2435.06,3854.19,1419.13,36.8,0.632,3990.00 JPY,39.99 USD,Nintendo Switch 2,1171,70010000124778,70010000113876
Goodnight Universe,1476.9,1926.61,449.71,23.3,0.767,2420.00 JPY,19.99 USD,Nintendo Switch 2,1173,70010000098179,70010000098177
Heretic + Hexen,1141.24,1444.72,303.48,21.0,0.79,1870.00 JPY,14.99 USD,Nintendo Switch,1175,70010000090881,70010000090879
Outlanders,732.35,962.82,230.48,23.9,0.761,1200.00 JPY,9.99 USD,Nintendo Switch,1178,70010000097753,70010000097751
BRAVELY DEFAULT™ II,1369.49,5781.77,4412.28,76.3,0.237,2244.00 JPY,59.99 USD,Nintendo Switch,1179,70010000014834,70010000028643
Flight Simulator Delivery: Cargo Business,914.83,962.82,48.0,5.0,0.95,1499.00 JPY,9.99 USD,Nintendo Switch,1180,70010000087005,70010000087003
Black Jacket,1159.55,1444.72,285.17,19.7,0.803,1900.00 JPY,14.99 USD,Nintendo Switch,1183,70010000111024,70010000111022
Fate/stay night REMASTERED,2136.02,2890.4,754.39,26.1,0.739,3500.00 JPY,29.99 USD,Nintendo Switch,1186,70010000077808,70010000077806
Golf With Your Friends,324.06,480.93,156.87,32.6,0.674,531.00 JPY,4.99 USD,Nintendo Switch,1187,70010000028797,70010000021379
WINDSWEPT,1403.67,1926.61,522.95,27.1,0.729,2300.00 JPY,19.99 USD,Nintendo Switch,1188,70010000102193,70010000102191
Cat Cafe Manager,421.1,577.31,156.21,27.1,0.729,690.00 JPY,5.99 USD,Nintendo Switch,1191,70010000040811,70010000040812
Star of Providence,1037.49,1444.72,407.23,28.2,0.718,1700.00 JPY,14.99 USD,Nintendo Switch,1197,70010000092413,70010000071664
TCG Card Shop Simulator,1586.76,1926.61,339.86,17.6,0.824,2600.00 JPY,19.99 USD,Nintendo Switch,1202,70010000134546,70010000134520
HOT WHEELS™ Infinite Rush,3960.78,4817.98,857.19,17.8,0.822,6490.00 JPY,49.99 USD,Nintendo Switch 2,1203,70010000112371,70010000112369
Legendary Fishing,1696.61,1926.61,230.01,11.9,0.881,2780.00 JPY,19.99 USD,Nintendo Switch,1209,70010000011486,70010000011485
Secret Neighbor,1342.03,1926.61,584.58,30.3,0.697,2199.00 JPY,19.99 USD,Nintendo Switch,1210,70010000038705,70010000035225
Indoor Baseball,1068.01,1444.72,376.71,26.1,0.739,1750.00 JPY,14.99 USD,Nintendo Switch,1213,70010000103908,70010000103906
Rivals of Aether,1830.87,2890.4,1059.53,36.7,0.633,3000.00 JPY,29.99 USD,Nintendo Switch,1215,70010000021737,70010000021736
Garten of Banban 4,792.77,962.82,170.06,17.7,0.823,1299.00 JPY,9.99 USD,Nintendo Switch,1217,70010000079846,70010000079844
PICROSS S KONAMI ANTIQUES edition,1098.52,1733.86,635.33,36.6,0.634,1800.00 JPY,17.99 USD,Nintendo Switch,1218,70010000111612,70010000111611
My Time at Portia,2010.91,2890.4,879.49,30.4,0.696,3295.00 JPY,29.99 USD,Nintendo Switch,1223,70010000018411,70010000004651
Platform 8,200.79,384.55,183.77,47.8,0.522,329.00 JPY,3.99 USD,Nintendo Switch,1225,70010000085174,70010000085172
NBA 2K25,4027.92,5781.77,1753.85,30.3,0.697,6600.00 JPY,59.99 USD,Nintendo Switch,1227,70010000080191,70010000080189
Death and Taxes,976.46,1251.96,275.5,22.0,0.78,1600.00 JPY,12.99 USD,Nintendo Switch,1228,70010000101745,70010000033089
STAR OCEAN THE SECOND STORY R,3343.17,4817.98,1474.81,30.6,0.694,5478.00 JPY,49.99 USD,Nintendo Switch 2,1229,70010000121079,70010000121077
Birth,683.53,1059.2,375.68,35.5,0.645,1120.00 JPY,10.99 USD,Nintendo Switch,1230,70010000071405,70010000071403
Worms W.M.D,1678.3,2890.4,1212.1,41.9,0.581,2750.00 JPY,29.99 USD,Nintendo Switch,1233,70010000022446,70010000001330
The Stretchers™ ,1220.58,1926.61,706.03,36.6,0.634,2000.00 JPY,19.99 USD,Nintendo Switch,1238,70010000008110,70010000008109
DREDGE,1568.45,2408.51,840.06,34.9,0.651,2570.00 JPY,24.99 USD,Nintendo Switch,1239,70010000060548,70010000049267
Super Bunny Man,622.5,1444.72,822.22,56.9,0.431,1020.00 JPY,14.99 USD,Nintendo Switch,1240,70010000075280,70010000075278
Crow Country,1403.67,1926.61,522.95,27.1,0.729,2300.00 JPY,19.99 USD,Nintendo Switch,1242,70010000054546,70010000054547
Company of Heroes Collection,2287.98,2890.4,602.42,20.8,0.792,3749.00 JPY,29.99 USD,Nintendo Switch,1243,70010000042894,70010000042895
Ultra Foodmess 2,183.09,191.79,8.71,4.5,0.955,300.00 JPY,1.99 USD,Nintendo Switch,1244,70010000077694,70010000077692
WHAT THE GOLF?,1251.1,1926.61,675.52,35.1,0.649,2050.00 JPY,19.99 USD,Nintendo Switch,1245,70010000028669,70010000022226
STARSEEKER: Astroneer Expeditions,2349.62,2890.4,540.78,18.7,0.813,3850.00 JPY,29.99 USD,Nintendo Switch 2,1246,70010000103280,70010000103278
Dark Deity 2,1110.73,1565.19,454.46,29.0,0.71,1820.00 JPY,16.24 USD,Nintendo Switch,1247,70010000098874,70010000098872
Sifu,637.75,3854.19,3216.44,83.5,0.165,1045.00 JPY,39.99 USD,Nintendo Switch,1255,70010000056231,70010000050837
Bassmaster® Fishing 2022: Super Deluxe Edition,559.03,577.31,18.28,3.2,0.968,916.00 JPY,5.99 USD,Nintendo Switch,1256,70010000053277,70010000049880
EVERSPACE 2 - Galactic Edition,4259.83,4817.98,558.15,11.6,0.884,6980.00 JPY,49.99 USD,Nintendo Switch 2,1258,70010000131858,70010000131856
ACA NEOGEO THE KING OF FIGHTERS '98,511.42,770.07,258.64,33.6,0.664,838.00 JPY,7.99 USD,Nintendo Switch,1259,70010000000061,70010000000068
NIGHT STRIKER GEAR,1708.81,1830.23,121.42,6.6,0.934,2800.00 JPY,18.99 USD,Nintendo Switch,1260,70010000104425,70010000104424
Death Road to Canada,915.44,1444.72,529.28,36.6,0.634,1500.00 JPY,14.99 USD,Nintendo Switch,1262,70010000013980,70010000005722
Constance,1403.67,1926.61,522.95,27.1,0.729,2300.00 JPY,19.99 USD,Nintendo Switch,1265,70010000123446,70010000075950
ENDER MAGNOLIA: Bloom in the Mist,1099.74,1324.25,224.5,17.0,0.83,1802.00 JPY,13.74 USD,Nintendo Switch,1268,70010000078171,70010000078169
Neon Inferno,1403.67,1926.61,522.95,27.1,0.729,2300.00 JPY,19.99 USD,Nintendo Switch,1271,70010000102472,70010000102470
Off The Road Unleashed,1097.91,1541.1,443.19,28.8,0.712,1799.00 JPY,15.99 USD,Nintendo Switch,1272,70010000051515,70010000042094
Subway Simulator - Underground Train Ride Station Ultimate Driving Games,258.76,288.17,29.41,10.2,0.898,424.00 JPY,2.99 USD,Nintendo Switch,1273,70010000066249,70010000066250
Arcade Archives SUPER PAC-MAN,511.42,770.07,258.64,33.6,0.664,838.00 JPY,7.99 USD,Nintendo Switch,1274,70010000047557,70010000047558
The Case of the Golden Idol: Complete Edition,2081.09,2890.4,809.31,28.0,0.72,3410.00 JPY,29.99 USD,Nintendo Switch,1275,70010000086589,70010000086587
Daemon X Machina: Titanic Scion,5370.56,6745.56,1375.0,20.4,0.796,8800.00 JPY,69.99 USD,Nintendo Switch 2,1277,70010000096316,70010000098846
The Mermaid Mask,1586.76,1926.61,339.86,17.6,0.824,2600.00 JPY,19.99 USD,Nintendo Switch 2,1280,70010000122455,70010000122453
BLUE REFLECTION Quartet,4564.97,4817.98,253.01,5.3,0.947,7480.00 JPY,49.99 USD,Nintendo Switch 2,1286,70010000109873,70010000124484
Hoa,1037.49,1444.72,407.23,28.2,0.718,1700.00 JPY,14.99 USD,Nintendo Switch,1289,70010000036229,70010000036230
Car Parking Multiplayer,622.5,721.88,99.38,13.8,0.862,1020.00 JPY,7.49 USD,Nintendo Switch,1290,70010000054227,70010000051009
Modern Combat Blackout,670.71,770.07,99.36,12.9,0.871,1099.00 JPY,7.99 USD,Nintendo Switch,1291,70010000011363,70010000011362
Tactics Ogre: Reborn,3344.39,4817.98,1473.59,30.6,0.694,5480.00 JPY,49.99 USD,Nintendo Switch,1295,70010000036801,70010000036802
Salt and Sanctuary,1086.32,1733.86,647.54,37.3,0.627,1780.00 JPY,17.99 USD,Nintendo Switch,1299,70010000005004,70010000005003
Puzzle Quest: Immortal Edition,1208.38,1444.72,236.34,16.4,0.836,1980.00 JPY,14.99 USD,Nintendo Switch,1301,70010000104182,70010000096459
Library Of Ruina,3020.94,3854.19,833.25,21.6,0.784,4950.00 JPY,39.99 USD,Nintendo Switch,1302,70010000057313,70010000075960
Skul: The Hero Slayer,1281.61,1926.61,645.0,33.5,0.665,2100.00 JPY,19.99 USD,Nintendo Switch,1303,70010000037369,70010000037370
Cake Bash,1281.61,1926.61,645.0,33.5,0.665,2100.00 JPY,19.99 USD,Nintendo Switch,1305,70010000028835,70010000028834
Lil Gator Game,701.83,962.82,260.99,27.1,0.729,1150.00 JPY,9.99 USD,Nintendo Switch,1308,70010000060005,70010000048663
FINAL FANTASY III,1342.64,1733.86,391.22,22.6,0.774,2200.00 JPY,17.99 USD,Nintendo Switch,1309,70010000056576,70010000056577
Jotunnslayer: Hordes of Hel,1586.76,1926.61,339.86,17.6,0.824,2600.00 JPY,19.99 USD,Nintendo Switch 2,1310,70010000123995,70010000123993
Call of Juarez: Gunslinger,1342.64,1926.61,583.97,30.3,0.697,2200.00 JPY,19.99 USD,Nintendo Switch,1312,70010000014169,70010000014168
Worms Armageddon: Anniversary Edition,2349.62,2408.51,58.89,2.4,0.976,3850.00 JPY,24.99 USD,Nintendo Switch,1313,70010000082823,70010000074080
Everdell,1627.03,1926.61,299.58,15.5,0.845,2666.00 JPY,19.99 USD,Nintendo Switch,1314,70010000058359,70010000056698
Super Bomberman R,1852.84,3854.19,2001.35,51.9,0.481,3036.00 JPY,39.99 USD,Nintendo Switch,1316,70010000000043,70010000000116
ABZÛ,1506.2,1926.61,420.42,21.8,0.782,2468.00 JPY,19.99 USD,Nintendo Switch,1317,70010000021659,70010000012836
Doki Monsters : Quest,1214.48,1251.96,37.48,3.0,0.97,1990.00 JPY,12.99 USD,Nintendo Switch,1318,70010000100897,70010000100895
To the Moon,732.35,1155.58,423.23,36.6,0.634,1200.00 JPY,11.99 USD,Nintendo Switch,1319,70010000023415,70010000023414
Lethal League Blaze,1220.58,1926.61,706.03,36.6,0.634,2000.00 JPY,19.99 USD,Nintendo Switch,1324,70010000020081,70010000013412
PICROSS S SNK CLASSICS ＆ NEOGEO edition,1098.52,1733.86,635.33,36.6,0.634,1800.00 JPY,17.99 USD,Nintendo Switch,1325,70010000097628,70010000097626
Europa,1403.06,1444.72,41.66,2.9,0.971,2299.00 JPY,14.99 USD,Nintendo Switch,1327,70010000076186,70010000076184
Criminal Cleaner Simulator,268.53,288.17,19.64,6.8,0.932,440.00 JPY,2.99 USD,Nintendo Switch,1330,70010000099645,70010000099643
Paleo Pines,2563.22,2890.4,327.18,11.3,0.887,4200.00 JPY,29.99 USD,Nintendo Switch,1333,70010000069463,70010000067064
Back to the Dawn,3007.51,3372.3,364.78,10.8,0.892,4928.00 JPY,34.99 USD,Nintendo Switch 2,1334,70010000111536,70010000111534
Lost Eidolons: Veil of the Witch,1812.56,2408.51,595.94,24.7,0.753,2970.00 JPY,24.99 USD,Nintendo Switch,1336,70010000098760,70010000098758
Pacify,447.95,480.93,32.98,6.9,0.931,734.00 JPY,4.99 USD,Nintendo Switch,1343,70010000097487,70010000097485
LEGO® DC Super-Villains,4014.49,5781.77,1767.28,30.6,0.694,6578.00 JPY,59.99 USD,Nintendo Switch,1345,70010000013223,70010000007661
A Hat in Time,1818.67,2890.4,1071.74,37.1,0.629,2980.00 JPY,29.99 USD,Nintendo Switch,1346,70010000003814,70010000003813
Chess,548.65,962.82,414.17,43.0,0.57,899.00 JPY,9.99 USD,Nintendo Switch,1347,70010000042487,70010000030909
Humongous Classic Collection,5126.44,5781.77,655.33,11.3,0.887,8400.00 JPY,59.99 USD,Nintendo Switch,1348,70010000056208,70010000044782
Spirit of the North,1568.45,2408.51,840.06,34.9,0.651,2570.00 JPY,24.99 USD,Nintendo Switch,1349,70010000032458,70010000028190
Indoor Kickball,1068.01,1444.72,376.71,26.1,0.739,1750.00 JPY,14.99 USD,Nintendo Switch,1350,70010000065787,70010000065788
Bigfoot Hunting,914.83,962.82,48.0,5.0,0.95,1499.00 JPY,9.99 USD,Nintendo Switch,1351,70010000104524,70010000104522
Tetris® Forever,2416.75,3372.3,955.55,28.3,0.717,3960.00 JPY,34.99 USD,Nintendo Switch,1352,70010000085244,70010000085242
Blasphemous,1678.3,2408.51,730.21,30.3,0.697,2750.00 JPY,24.99 USD,Nintendo Switch,1353,70010000023532,70010000007282
Bug Fables: The Everlasting Sapling,1678.3,2408.51,730.21,30.3,0.697,2750.00 JPY,24.99 USD,Nintendo Switch,1355,70010000021035,70010000021034
Have A Nice Death,1678.3,2408.51,730.21,30.3,0.697,2750.00 JPY,24.99 USD,Nintendo Switch,1359,70010000059876,70010000059877
Solateria,1122.93,1926.61,803.68,41.7,0.583,1840.00 JPY,19.99 USD,Nintendo Switch,1360,70010000122980,70010000122978
Unrailed!,1708.81,1926.61,217.8,11.3,0.887,2800.00 JPY,19.99 USD,Nintendo Switch,1361,70010000034671,70010000029629
Pajama Sam: No Need to Hide When It's Dark Outside,1037.49,1444.72,407.23,28.2,0.718,1700.00 JPY,14.99 USD,Nintendo Switch,1362,70010000046389,70010000035931
New Super Lucky's Tale,2136.02,2890.4,754.39,26.1,0.739,3500.00 JPY,29.99 USD,Nintendo Switch,1366,70010000020892,70010000020891
Arcade Archives TECMO BOWL,511.42,770.07,258.64,33.6,0.664,838.00 JPY,7.99 USD,Nintendo Switch,1368,70010000013255,70010000013254
20 Minutes Till Dawn,365.56,480.93,115.37,24.0,0.76,599.00 JPY,4.99 USD,Nintendo Switch,1370,70010000061071,70010000061072
ACA NEOGEO BIG TOURNAMENT GOLF,511.42,770.07,258.64,33.6,0.664,838.00 JPY,7.99 USD,Nintendo Switch,1372,70010000000201,70010000000202
LIVE A LIVE,1825.99,4817.98,2991.99,62.1,0.379,2992.00 JPY,49.99 USD,Nintendo Switch,1373,70010000048915,70010000050787
TCG Card Market Simulator,853.8,866.45,12.65,1.5,0.985,1399.00 JPY,8.99 USD,Nintendo Switch,1374,70010000090369,70010000090367
Demonschool,2148.22,2408.51,260.29,10.8,0.892,3520.00 JPY,24.99 USD,Nintendo Switch,1377,70010000101700,70010000064551
Ember Knights,1403.67,1926.61,522.95,27.1,0.729,2300.00 JPY,19.99 USD,Nintendo Switch,1378,70010000074384,70010000064316
PARANORMASIGHT: The Seven Mysteries of Honjo ,1208.38,1926.61,718.24,37.3,0.627,1980.00 JPY,19.99 USD,Nintendo Switch,1379,70010000060827,70010000060828
Kingdom Two Crowns,1251.1,1926.61,675.52,35.1,0.649,2050.00 JPY,19.99 USD,Nintendo Switch,1380,70010000000671,70010000000670
Granblue Fantasy Versus: Rising Legendary Edition,4027.92,4817.98,790.06,16.4,0.836,6600.00 JPY,49.99 USD,Nintendo Switch 2,1384,70010000110991,70010000110989
Smushi Come Home,1403.67,1926.61,522.95,27.1,0.729,2300.00 JPY,19.99 USD,Nintendo Switch,1385,70010000062672,70010000062673
Biped,1006.98,1444.72,437.74,30.3,0.697,1650.00 JPY,14.99 USD,Nintendo Switch,1387,70010000030273,70010000029107
UNDER THE ISLAND,1098.52,1926.61,828.09,43.0,0.57,1800.00 JPY,19.99 USD,Nintendo Switch,1388,70010000115817,70010000115815
METAL GEAR SOLID: Peace Walker - Master Collection Version,1678.3,1926.61,248.31,12.9,0.871,2750.00 JPY,19.99 USD,Nintendo Switch,1390,70010000108261,70010000070283
Moving Out,335.66,480.93,145.27,30.2,0.698,550.00 JPY,4.99 USD,Nintendo Switch,1392,70010000028360,70010000020400
The Lara Croft Collection,1525.12,1926.61,401.5,20.8,0.792,2499.00 JPY,19.99 USD,Nintendo Switch,1397,70010000055793,70010000055794
The Mermaid Mask,1586.76,1926.61,339.86,17.6,0.824,2600.00 JPY,19.99 USD,Nintendo Switch,1401,70010000122455,70010000035889
MONOPOLY® Madness,2416.75,2890.4,473.65,16.4,0.836,3960.00 JPY,29.99 USD,Nintendo Switch,1403,70010000046342,70010000037152
Snowboarding The Next Phase,145.86,191.79,45.93,23.9,0.761,239.00 JPY,1.99 USD,Nintendo Switch,1405,70010000014089,70010000014088
Locomoto,912.99,2890.4,1977.41,68.4,0.316,1496.00 JPY,29.99 USD,Nintendo Switch,1406,70010000091071,70010000090730
MLB® The Show™ 24,4259.83,5781.77,1521.94,26.3,0.737,6980.00 JPY,59.99 USD,Nintendo Switch,1407,70010000069924,70010000069925
Maneater,3343.17,3854.19,511.02,13.3,0.867,5478.00 JPY,39.99 USD,Nintendo Switch,1409,70010000039058,70010000015369
Cassette Beasts,560.86,1926.61,1365.76,70.9,0.291,919.00 JPY,19.99 USD,Nintendo Switch,1411,70010000061439,70010000061441
Shadow Fight 2,915.44,1444.72,529.28,36.6,0.634,1500.00 JPY,14.99 USD,Nintendo Switch,1412,70010000009901,70010000009900
Cave Story+,2483.88,2890.4,406.52,14.1,0.859,4070.00 JPY,29.99 USD,Nintendo Switch,1418,70010000003161,70010000000484
Stacklands,1037.49,1444.72,407.23,28.2,0.718,1700.00 JPY,14.99 USD,Nintendo Switch,1421,70010000069129,70010000069130
ENDER LILIES: Quietus of the Knights,665.83,962.82,297.0,30.8,0.692,1091.00 JPY,9.99 USD,Nintendo Switch,1427,70010000035192,70010000035193
Peaked Climbing,537.06,577.31,40.25,7.0,0.93,880.00 JPY,5.99 USD,Nintendo Switch,1429,70010000105031,70010000105029
PICROSS S,488.23,770.07,281.83,36.6,0.634,800.00 JPY,7.99 USD,Nintendo Switch,1433,70010000000879,70010000000878
Ultra Street Fighter® II: The Final Challengers,1858.94,3854.19,1995.25,51.8,0.482,3046.00 JPY,39.99 USD,Nintendo Switch,1434,70010000000039,70010000000185
Fast & Furious: Arcade Edition,2136.02,2890.4,754.39,26.1,0.739,3500.00 JPY,29.99 USD,Nintendo Switch,1435,70010000107444,70010000095654
The Room Two,609.68,962.82,353.14,36.7,0.633,999.00 JPY,9.99 USD,Nintendo Switch,1437,70010000050848,70010000050849
THE KING OF FIGHTERS XIII GLOBAL MATCH,906.28,962.82,56.54,5.9,0.941,1485.00 JPY,9.99 USD,Nintendo Switch,1438,70010000062314,70010000062315
Cricket 24,4833.5,5781.77,948.27,16.4,0.836,7920.00 JPY,59.99 USD,Nintendo Switch,1439,70010000077034,70010000066825
LOLLIPOP CHAINSAW RePOP,2178.13,2384.41,206.29,8.7,0.913,3569.00 JPY,24.74 USD,Nintendo Switch,1440,70010000064393,70010000064394
Momento,1409.77,1926.61,516.84,26.8,0.732,2310.00 JPY,19.99 USD,Nintendo Switch 2,1441,70010000123110,70010000123108
ACA NEOGEO BASEBALL STARS 2,511.42,770.07,258.64,33.6,0.664,838.00 JPY,7.99 USD,Nintendo Switch,1444,70010000009090,70010000009089
Gecko Gods,1281.61,1926.61,645.0,33.5,0.665,2100.00 JPY,19.99 USD,Nintendo Switch,1445,70010000123893,70010000061698
Possessor(s),823.89,962.82,138.93,14.4,0.856,1350.00 JPY,9.99 USD,Nintendo Switch 2,1448,70010000104908,70010000104906
Zombie Army 4: Dead War,3960.78,4817.98,857.19,17.8,0.822,6490.00 JPY,49.99 USD,Nintendo Switch,1454,70010000046065,70010000041809
Football Manager 26 Touch,3655.64,4817.98,1162.34,24.1,0.759,5990.00 JPY,49.99 USD,Nintendo Switch,1455,70010000096882,70010000096880
Coffee Talk Episode 2: Hibiscus & Butterfly,725.03,866.45,141.42,16.3,0.837,1188.00 JPY,8.99 USD,Nintendo Switch,1456,70010000057841,70010000057842
Bomb Rush Cyberfunk,3045.35,3854.19,808.84,21.0,0.79,4990.00 JPY,39.99 USD,Nintendo Switch,1457,70010000040227,70010000040228
Book Shop Simulator,762.86,770.07,7.2,0.9,0.991,1250.00 JPY,7.99 USD,Nintendo Switch,1458,70010000112796,70010000112794
Ikaruga,1006.98,1444.72,437.74,30.3,0.697,1650.00 JPY,14.99 USD,Nintendo Switch,1461,70010000004084,70010000003962
Star Trek: Voyager - Across the Unknown,3625.13,3854.19,229.07,5.9,0.941,5940.00 JPY,39.99 USD,Nintendo Switch 2,1462,70010000115999,70010000108172
Octopath Traveler™ ,3343.17,5781.77,2438.6,42.2,0.578,5478.00 JPY,59.99 USD,Nintendo Switch,1464,70010000108545,70010000001618
Sugardew Island,637.75,1637.48,999.72,61.1,0.389,1045.00 JPY,16.99 USD,Nintendo Switch,1470,70010000093995,70010000084323
Mail Time,421.1,577.31,156.21,27.1,0.729,690.00 JPY,5.99 USD,Nintendo Switch,1474,70010000045298,70010000045299
Arcade Archives EXCITEBIKE,511.42,770.07,258.64,33.6,0.664,838.00 JPY,7.99 USD,Nintendo Switch,1478,70010000006253,70010000006251
Woodo,1812.56,1926.61,114.05,5.9,0.941,2970.00 JPY,19.99 USD,Nintendo Switch,1479,70010000121597,70010000121595
Unboxing: Cozy Home Simulator,726.25,866.45,140.2,16.2,0.838,1190.00 JPY,8.99 USD,Nintendo Switch,1482,70010000093971,70010000093969
Darksiders Warmastered Edition ,1852.23,2890.4,1038.17,35.9,0.641,3035.00 JPY,29.99 USD,Nintendo Switch,1483,70010000018563,70010000015524
NAIAD,1403.67,1926.61,522.95,27.1,0.729,2300.00 JPY,19.99 USD,Nintendo Switch,1487,70010000090008,70010000052231
XCOM® 2 Collection,3527.48,3854.19,326.71,8.5,0.915,5780.00 JPY,39.99 USD,Nintendo Switch,1488,70010000025497,70010000025496
Kabuto Park,335.66,577.31,241.65,41.9,0.581,550.00 JPY,5.99 USD,Nintendo Switch,1489,70010000114078,70010000114076
STAR OCEAN THE SECOND STORY R,3343.17,4817.98,1474.81,30.6,0.694,5478.00 JPY,49.99 USD,Nintendo Switch,1495,70010000121079,70010000062079
WILD HEARTS S,3649.54,4817.98,1168.44,24.3,0.757,5980.00 JPY,49.99 USD,Nintendo Switch 2,1496,70010000096866,70010000097419
Let's Build a Zoo,1403.67,1926.61,522.95,27.1,0.729,2300.00 JPY,19.99 USD,Nintendo Switch,1498,70010000082993,70010000050794
Lynked: Banner of the Spark – Nintendo Switch™ 2 Edition,941.07,1444.72,503.65,34.9,0.651,1542.00 JPY,14.99 USD,Nintendo Switch 2,1499,70010000105350,70010000104779
N++ (NPLUSPLUS),988.67,1444.72,456.05,31.6,0.684,1620.00 JPY,14.99 USD,Nintendo Switch,1503,70010000001383,70010000001382
LUMINES REMASTERED,1208.38,1444.72,236.34,16.4,0.836,1980.00 JPY,14.99 USD,Nintendo Switch,1504,70010000008147,70010000008146
Shieldwall,1708.81,1733.86,25.04,1.4,0.986,2800.00 JPY,17.99 USD,Nintendo Switch,1506,70010000082743,70010000082741
The Rusty Sword: Vanguard Island,92.76,95.42,2.65,2.8,0.972,152.00 JPY,0.99 USD,Nintendo Switch,1512,70010000060942,70010000053212
BEYBLADE X EVOBATTLE Nintendo Switch 2 Edition,3002.63,4046.95,1044.32,25.8,0.742,4920.00 JPY,41.99 USD,Nintendo Switch 2,1514,70010000110208,70010000112340
Arcade Archives DOUBLE DRAGON,511.42,770.07,258.64,33.6,0.664,838.00 JPY,7.99 USD,Nintendo Switch,1515,70010000005083,70010000005082
Tales of the Shire: A The Lord of the Rings™ Game Nintendo Switch 2 Edition,2410.65,3372.3,961.65,28.5,0.715,3950.00 JPY,34.99 USD,Nintendo Switch 2,1517,70010000120684,70010000120682
KINGDOM HEARTS Melody of Memory,1825.99,5781.77,3955.78,68.4,0.316,2992.00 JPY,59.99 USD,Nintendo Switch,1521,70010000020379,70010000030586
THE HOUSE OF THE DEAD 2: Remake,1586.14,2408.51,822.36,34.1,0.659,2599.00 JPY,24.99 USD,Nintendo Switch,1522,70010000103523,70010000072883
Arcade Archives DONKEY KONG 3,511.42,770.07,258.64,33.6,0.664,838.00 JPY,7.99 USD,Nintendo Switch,1523,70010000016853,70010000016852
THE HOUSE OF THE DEAD: Remake,1586.14,2408.51,822.36,34.1,0.659,2599.00 JPY,24.99 USD,Nintendo Switch,1526,70010000050284,70010000039731
SEGA AGES Out Run,609.68,770.07,160.39,20.8,0.792,999.00 JPY,7.99 USD,Nintendo Switch,1527,70010000011426,70010000011420
Amanda the Adventurer 3,732.35,962.82,230.48,23.9,0.761,1200.00 JPY,9.99 USD,Nintendo Switch,1531,70010000119586,70010000119578
Putt-Putt Saves The Zoo,1037.49,1444.72,407.23,28.2,0.718,1700.00 JPY,14.99 USD,Nintendo Switch,1536,70010000045919,70010000036032
Call of Glory - Critical Warfare,268.53,288.17,19.64,6.8,0.932,440.00 JPY,2.99 USD,Nintendo Switch,1540,70010000094405,70010000094403
WWE 2K25 Standard Edition,5370.56,6745.56,1375.0,20.4,0.796,8800.00 JPY,69.99 USD,Nintendo Switch 2,1541,70010000099119,70010000097826
FAST RMX,1342.64,1926.61,583.97,30.3,0.697,2200.00 JPY,19.99 USD,Nintendo Switch,1543,70010000001371,70010000000096
Puzzle Fruit Merge - Match Game,366.17,384.55,18.38,4.8,0.952,600.00 JPY,3.99 USD,Nintendo Switch,1547,70010000105423,70010000105421
Bubsy in: The Purrfect Collection,1403.67,1926.61,522.95,27.1,0.729,2300.00 JPY,19.99 USD,Nintendo Switch,1548,70010000092060,70010000092058
Knight Squad 2,927.64,1444.72,517.08,35.8,0.642,1520.00 JPY,14.99 USD,Nintendo Switch,1549,70010000032577,70010000032578
Dicey Dungeons,927.64,1444.72,517.08,35.8,0.642,1520.00 JPY,14.99 USD,Nintendo Switch,1551,70010000036715,70010000028411
SnowRunner,3039.25,3854.19,814.94,21.1,0.789,4980.00 JPY,39.99 USD,Nintendo Switch 2,1559,70010000043621,70010000116152
THE LOST DINO: SURVIVAL EXPEDITION,853.8,962.82,109.03,11.3,0.887,1399.00 JPY,9.99 USD,Nintendo Switch,1560,70010000097328,70010000097326
The Last Faith,1952.93,2697.64,744.71,27.6,0.724,3200.00 JPY,27.99 USD,Nintendo Switch,1565,70010000056205,70010000056206
ACA NEOGEO THE KING OF FIGHTERS '97,511.42,770.07,258.64,33.6,0.664,838.00 JPY,7.99 USD,Nintendo Switch,1566,70010000004037,70010000004036
Kill It With Fire,914.83,1444.72,529.89,36.7,0.633,1499.00 JPY,14.99 USD,Nintendo Switch,1567,70010000037240,70010000033491
Yooka-Laylee,402.18,1926.61,1524.43,79.1,0.209,659.00 JPY,19.99 USD,Nintendo Switch,1571,70010000022605,70010000003267
KORG Gadget for Nintendo Switch,3051.45,4626.18,1574.73,34.0,0.66,5000.00 JPY,48.00 USD,Nintendo Switch,1573,70010000001007,70010000001006
Call of the Sea,1403.67,1926.61,522.95,27.1,0.729,2300.00 JPY,19.99 USD,Nintendo Switch,1575,70010000100292,70010000100290
Kingdom Rush,598.08,962.82,364.74,37.9,0.621,980.00 JPY,9.99 USD,Nintendo Switch,1578,70010000031456,70010000031458
Quake II,711.6,962.82,251.23,26.1,0.739,1166.00 JPY,9.99 USD,Nintendo Switch,1581,70010000068349,70010000058388
Remnant: From the Ashes,3155.2,3854.19,698.99,18.1,0.819,5170.00 JPY,39.99 USD,Nintendo Switch,1585,70010000059132,70010000038005
Momento,1409.77,1926.61,516.84,26.8,0.732,2310.00 JPY,19.99 USD,Nintendo Switch,1587,70010000123110,70010000118689
Suika Sprunki Edition,231.91,239.98,8.07,3.4,0.966,380.00 JPY,2.49 USD,Nintendo Switch,1589,70010000104112,70010000104110
Grow: Song of The Evertree,1745.43,2408.51,663.08,27.5,0.725,2860.00 JPY,24.99 USD,Nintendo Switch,1596,70010000044051,70010000034274
"Real Truck Simulator USA Car Games - Driving Games, Parking Sim, Car Speed Racing 2022",914.83,962.82,48.0,5.0,0.95,1499.00 JPY,9.99 USD,Nintendo Switch,1606,70010000055280,70010000055281
Mini Metro,671.32,962.82,291.51,30.3,0.697,1100.00 JPY,9.99 USD,Nintendo Switch,1607,70010000013278,70010000004776
Cats Organized Neatly,180.04,288.17,108.14,37.5,0.625,295.00 JPY,2.99 USD,Nintendo Switch,1609,70010000076380,70010000074717
Atari 50: The Anniversary Celebration,2746.31,3854.19,1107.88,28.7,0.713,4500.00 JPY,39.99 USD,Nintendo Switch,1613,70010000054430,70010000054431
Primal Planet,1403.67,1926.61,522.95,27.1,0.729,2300.00 JPY,19.99 USD,Nintendo Switch,1617,70010000106780,70010000106778
Bop It! The Video Game,610.29,770.07,159.78,20.7,0.793,1000.00 JPY,7.99 USD,Nintendo Switch,1618,70010000082453,70010000082451
Henry Halfhead,485.18,625.5,140.32,22.4,0.776,795.00 JPY,6.49 USD,Nintendo Switch,1619,70010000067408,70010000067409
Wukong Black Legend,914.83,962.82,48.0,5.0,0.95,1499.00 JPY,9.99 USD,Nintendo Switch,1624,70010000102789,70010000102787
BioShock Infinite: The Complete Edition,1476.9,1926.61,449.71,23.3,0.767,2420.00 JPY,19.99 USD,Nintendo Switch,1629,70010000026237,70010000026236
No More Heroes 2: Desperate Struggle,1329.21,1926.61,597.4,31.0,0.69,2178.00 JPY,19.99 USD,Nintendo Switch,1634,70010000022440,70010000022439
Wildfrost,1525.73,1926.61,400.89,20.8,0.792,2500.00 JPY,19.99 USD,Nintendo Switch,1635,70010000064571,70010000045804
Öoo,674.37,900.18,225.81,25.1,0.749,1105.00 JPY,9.34 USD,Nintendo Switch,1637,70010000112247,70010000112245
The Battle of Polytopia,1219.97,1444.72,224.75,15.6,0.844,1999.00 JPY,14.99 USD,Nintendo Switch,1638,70010000045463,70010000045464
STAR WARS™: Dark Forces Remaster,2319.1,2890.4,571.3,19.8,0.802,3800.00 JPY,29.99 USD,Nintendo Switch,1639,70010000098727,70010000067338
OXENFREE II: Lost Signals,1525.73,1926.61,400.89,20.8,0.792,2500.00 JPY,19.99 USD,Nintendo Switch,1640,70010000050254,70010000050255
TCG Empire: Card Shop Simulator,947.17,962.82,15.65,1.6,0.984,1552.00 JPY,9.99 USD,Nintendo Switch,1642,70010000090633,70010000090631
Roll Mad,121.45,143.6,22.16,15.4,0.846,199.00 JPY,1.49 USD,Nintendo Switch,1650,70010000119754,70010000119752
High Cars 3,182.48,191.79,9.32,4.9,0.951,299.00 JPY,1.99 USD,Nintendo Switch,1651,70010000114246,70010000114244
Cinnabunny,1525.73,2408.51,882.78,36.7,0.633,2500.00 JPY,24.99 USD,Nintendo Switch,1652,70010000111610,70010000096994
Grand Mountain Adventure: Ski and Snowboard Wonderlands ,316.74,3372.3,3055.56,90.6,0.094,519.00 JPY,34.99 USD,Nintendo Switch,1654,70010000049524,70010000048796
Ice Station Z,182.48,288.17,105.7,36.7,0.633,299.00 JPY,2.99 USD,Nintendo Switch,1659,70010000039385,70010000039386
Handy Hockey,598.08,674.65,76.57,11.3,0.887,980.00 JPY,7.00 USD,Nintendo Switch 2,1660,70010000098363,70010000098361
PHOGS!,1678.3,2408.51,730.21,30.3,0.697,2750.00 JPY,24.99 USD,Nintendo Switch,1662,70010000022862,70010000022861
Borderlands 3 Ultimate Edition,4027.92,5781.77,1753.85,30.3,0.697,6600.00 JPY,59.99 USD,Nintendo Switch,1663,70010000031760,70010000031761
Loddlenaut,1525.73,1926.61,400.89,20.8,0.792,2500.00 JPY,19.99 USD,Nintendo Switch,1664,70010000082761,70010000082759
Farming Simulator Kids,2532.71,2890.4,357.7,12.4,0.876,4150.00 JPY,29.99 USD,Nintendo Switch,1665,70010000066223,70010000066224
XENOTILT: HOSTILE PINBALL ACTION,1525.73,1926.61,400.89,20.8,0.792,2500.00 JPY,19.99 USD,Nintendo Switch,1666,70010000126651,70010000062136
Coromon,350.92,480.93,130.01,27.0,0.73,575.00 JPY,4.99 USD,Nintendo Switch,1667,70010000051157,70010000038334
Viewfinder,1745.43,2408.51,663.08,27.5,0.725,2860.00 JPY,24.99 USD,Nintendo Switch,1668,70010000096087,70010000096085
Bramble: The Mountain King,392.42,432.74,40.32,9.3,0.907,643.00 JPY,4.49 USD,Nintendo Switch,1671,70010000051584,70010000051585
Trading Card Shop Simulator,1189.46,1251.96,62.51,5.0,0.95,1949.00 JPY,12.99 USD,Nintendo Switch,1672,70010000088648,70010000088646
Lovish,1006.98,1444.72,437.74,30.3,0.697,1650.00 JPY,14.99 USD,Nintendo Switch,1674,70010000094369,70010000094367
Chess Royal,61.03,191.79,130.76,68.2,0.318,100.00 JPY,1.99 USD,Nintendo Switch,1677,70010000061336,70010000036713
OpsCam - Body Cam Shooter,914.83,962.82,48.0,5.0,0.95,1499.00 JPY,9.99 USD,Nintendo Switch,1678,70010000098954,70010000098952
HARVESTELLA,4687.03,5781.77,1094.74,18.9,0.811,7680.00 JPY,59.99 USD,Nintendo Switch,1679,70010000051138,70010000051139
Destroy All Humans! 2 - Reprobed,3155.2,3854.19,698.99,18.1,0.819,5170.00 JPY,39.99 USD,Nintendo Switch 2,1682,70010000121375,70010000114727
ibb & obb,964.26,1444.72,480.46,33.3,0.667,1580.00 JPY,14.99 USD,Nintendo Switch,1683,70010000005926,70010000005925
Monument Valley,610.9,625.5,14.6,2.3,0.977,1001.00 JPY,6.49 USD,Nintendo Switch,1685,70010000089550,70010000089548
The Escapists 2,1312.12,1926.61,614.49,31.9,0.681,2150.00 JPY,19.99 USD,Nintendo Switch,1686,70010000012441,70010000001064
7 Days to End with You,432.09,1155.58,723.5,62.6,0.374,708.00 JPY,11.99 USD,Nintendo Switch,1687,70010000060038,70010000060039
Truck Simulator City Delivery,292.94,1444.72,1151.78,79.7,0.203,480.00 JPY,14.99 USD,Nintendo Switch,1692,70010000076931,70010000076929
Bloomtown: A Different Story,1708.81,2408.51,699.69,29.1,0.709,2800.00 JPY,24.99 USD,Nintendo Switch,1700,70010000085194,70010000071047
Nun Massacre,426.59,577.31,150.72,26.1,0.739,699.00 JPY,5.99 USD,Nintendo Switch,1702,70010000048935,70010000048936
Spindle,1403.67,1926.61,522.95,27.1,0.729,2300.00 JPY,19.99 USD,Nintendo Switch,1707,70010000085090,70010000085088
Bad North,206.28,1444.72,1238.44,85.7,0.143,338.00 JPY,14.99 USD,Nintendo Switch,1709,70010000002505,70010000002504
Legacy of Kain: Defiance Remastered,2215.35,2408.51,193.15,8.0,0.92,3630.00 JPY,24.99 USD,Nintendo Switch,1712,70010000112879,70010000112877
Happy umbrella／幸福なアンブレラ,61.03,78.07,17.04,21.8,0.782,100.00 JPY,0.81 USD,Nintendo Switch,1717,70010000105292,70010000105290
Battle Force,1403.67,1926.61,522.95,27.1,0.729,2300.00 JPY,19.99 USD,Nintendo Switch,1719,70010000113873,70010000113871
My Little Universe,1159.55,1444.72,285.17,19.7,0.803,1900.00 JPY,14.99 USD,Nintendo Switch,1720,70010000065458,70010000065459
Arcade Archives CIRCUS CHARLIE,511.42,770.07,258.64,33.6,0.664,838.00 JPY,7.99 USD,Nintendo Switch,1721,70010000032497,70010000032498
Haven Park,567.57,866.45,298.88,34.5,0.655,930.00 JPY,8.99 USD,Nintendo Switch,1725,70010000042594,70010000042595
Shovel Knight Dig,1544.03,2408.51,864.47,35.9,0.641,2530.00 JPY,24.99 USD,Nintendo Switch,1727,70010000058907,70010000051927
Prison Architect: Nintendo Switch™ Edition,2064.0,2890.4,826.4,28.6,0.714,3382.00 JPY,29.99 USD,Nintendo Switch,1728,70010000009728,70010000009727
Streetdog BMX,1830.87,1926.61,95.74,5.0,0.95,3000.00 JPY,19.99 USD,Nintendo Switch,1730,70010000120267,70010000120265
ToeJam & Earl: Back in the Groove!,927.64,1444.72,517.08,35.8,0.642,1520.00 JPY,14.99 USD,Nintendo Switch,1732,70010000012845,70010000012844
Formula Legends,701.83,962.82,260.99,27.1,0.729,1150.00 JPY,9.99 USD,Nintendo Switch,1734,70010000088760,70010000088758
 SNOW BROS. SPECIAL ,837.32,1348.34,511.02,37.9,0.621,1372.00 JPY,13.99 USD,Nintendo Switch,1737,70010000050353,70010000050354
Bowling,548.65,962.82,414.17,43.0,0.57,899.00 JPY,9.99 USD,Nintendo Switch,1739,70010000042464,70010000025028
Bus Driving Simulator 24 - City Roads,2258.07,2408.51,150.43,6.2,0.938,3700.00 JPY,24.99 USD,Nintendo Switch,1745,70010000075154,70010000075152
Glover (QUByte Classics),1763.74,1926.61,162.87,8.5,0.915,2890.00 JPY,19.99 USD,Nintendo Switch,1746,70010000058110,70010000058111
The Rise of the Golden Idol,1403.67,1926.61,522.95,27.1,0.729,2300.00 JPY,19.99 USD,Nintendo Switch,1748,70010000074623,70010000074621
Ravenswatch,2752.41,2890.4,137.99,4.8,0.952,4510.00 JPY,29.99 USD,Nintendo Switch,1750,70010000087469,70010000076692
OFC - Ultimate Fighting Club,914.83,962.82,48.0,5.0,0.95,1499.00 JPY,9.99 USD,Nintendo Switch,1753,70010000104519,70010000104517
The Touryst DELUXE,1800.36,1926.61,126.26,6.6,0.934,2950.00 JPY,19.99 USD,Nintendo Switch 2,1755,70010000104770,70010000104768
Haven,1678.3,2408.51,730.21,30.3,0.697,2750.00 JPY,24.99 USD,Nintendo Switch,1757,70010000038173,70010000018766
Give me toilet paper!,366.17,481.89,115.72,24.0,0.76,600.00 JPY,5.00 USD,Nintendo Switch,1758,70010000063523,70010000063524
SCAVENGER HUNT Find Hidden Objects,373.5,384.55,11.05,2.9,0.971,612.00 JPY,3.99 USD,Nintendo Switch,1761,70010000111860,70010000111858
TRON: Catalyst,1403.67,1926.61,522.95,27.1,0.729,2300.00 JPY,19.99 USD,Nintendo Switch,1768,70010000096435,70010000089255
Sacred 2 Remaster,2416.75,2890.4,473.65,16.4,0.836,3960.00 JPY,29.99 USD,Nintendo Switch,1770,70010000123254,70010000120154
Garfield - Escape From Monday,2013.96,2890.4,876.44,30.3,0.697,3300.00 JPY,29.99 USD,Nintendo Switch,1771,70010000120437,70010000120435
Freddi Fish Collection,3478.66,4817.98,1339.32,27.8,0.722,5700.00 JPY,49.99 USD,Nintendo Switch,1775,70010000077324,70010000077322
Slots & Daggers,561.47,770.07,208.6,27.1,0.729,920.00 JPY,7.99 USD,Nintendo Switch,1778,70010000116255,70010000116253
Toziuha Night: Order of the Alchemists,1281.61,1926.61,645.0,33.5,0.665,2100.00 JPY,19.99 USD,Nintendo Switch,1781,70010000070771,70010000070772
G.I. JOE: WRATH OF COBRA,1025.29,1444.72,419.43,29.0,0.71,1680.00 JPY,14.99 USD,Nintendo Switch,1782,70010000075209,70010000075207
Outward Definitive Edition,2868.36,3854.19,985.83,25.6,0.744,4700.00 JPY,39.99 USD,Nintendo Switch,1783,70010000076101,70010000064401
Wo Long: Fallen Dynasty Complete Edition,4564.97,5781.77,1216.79,21.0,0.79,7480.00 JPY,59.99 USD,Nintendo Switch 2,1785,70010000129265,70010000129263
Agatha Christie - Death on the Nile,1525.73,3854.19,2328.46,60.4,0.396,2500.00 JPY,39.99 USD,Nintendo Switch,1786,70010000091697,70010000091695
Windstorm: Start of a Great Friendship,1611.17,2408.51,797.34,33.1,0.669,2640.00 JPY,24.99 USD,Nintendo Switch,1787,70010000048584,70010000048585
Outlaws + Handful of Missions: Remaster,2319.1,2890.4,571.3,19.8,0.802,3800.00 JPY,29.99 USD,Nintendo Switch,1789,70010000111508,70010000082096
Mystery Hotel: Hidden Objects,1006.98,1444.72,437.74,30.3,0.697,1650.00 JPY,14.99 USD,Nintendo Switch,1790,70010000097196,70010000097194
"Warhammer 40,000: Shootas, Blood & Teef",1434.18,1926.61,492.43,25.6,0.744,2350.00 JPY,19.99 USD,Nintendo Switch,1793,70010000042664,70010000042665
ACA NEOGEO GAROU: MARK OF THE WOLVES,511.42,770.07,258.64,33.6,0.664,838.00 JPY,7.99 USD,Nintendo Switch,1796,70010000000224,70010000000225
Mortal Shell: Complete Edition,1879.69,2890.4,1010.71,35.0,0.65,3080.00 JPY,29.99 USD,Nintendo Switch,1797,70010000059734,70010000059735
Astral Ascent,2013.96,2408.51,394.55,16.4,0.836,3300.00 JPY,24.99 USD,Nintendo Switch,1798,70010000070063,70010000068938
Cattle Country,1196.17,1685.67,489.5,29.0,0.71,1960.00 JPY,17.49 USD,Nintendo Switch,1805,70010000090809,70010000090807
Never Alone: Arctic Collection,1042.38,1444.72,402.34,27.8,0.722,1708.00 JPY,14.99 USD,Nintendo Switch,1806,70010000048972,70010000048973
Hole ASMR,121.45,143.6,22.16,15.4,0.846,199.00 JPY,1.49 USD,Nintendo Switch,1809,70010000120029,70010000120027
Mad Father,358.85,962.82,603.97,62.7,0.373,588.00 JPY,9.99 USD,Nintendo Switch,1812,70010000035383,70010000035384
Huntdown,1219.97,1926.61,706.64,36.7,0.633,1999.00 JPY,19.99 USD,Nintendo Switch,1814,70010000037029,70010000001487
RPS Hunger,61.03,98.31,37.28,37.9,0.621,100.00 JPY,1.02 USD,Nintendo Switch,1816,70010000106215,70010000106213
Storm Lancers,1812.56,1926.61,114.05,5.9,0.941,2970.00 JPY,19.99 USD,Nintendo Switch,1818,70010000091772,70010000091770
Monument Valley 3,1221.8,1251.96,30.16,2.4,0.976,2002.00 JPY,12.99 USD,Nintendo Switch,1819,70010000094782,70010000094780
Terra Nil,1708.81,2408.51,699.69,29.1,0.709,2800.00 JPY,24.99 USD,Nintendo Switch,1820,70010000072945,70010000072943
Just Crow Things,1403.67,1926.61,522.95,27.1,0.729,2300.00 JPY,19.99 USD,Nintendo Switch,1822,70010000071828,70010000071826
Airplane Flight Simulator : Dangerous Landings,1647.78,1733.86,86.07,5.0,0.95,2700.00 JPY,17.99 USD,Nintendo Switch,1824,70010000089767,70010000089765
Paint the Town Red,1251.1,1926.61,675.52,35.1,0.649,2050.00 JPY,19.99 USD,Nintendo Switch,1825,70010000041878,70010000041035
Never Grave: The Witch and The Curse,1208.38,1637.48,429.1,26.2,0.738,1980.00 JPY,16.99 USD,Nintendo Switch,1827,70010000091316,70010000091314
Sniper Elite 3 Ultimate Edition,2886.67,3372.3,485.62,14.4,0.856,4730.00 JPY,34.99 USD,Nintendo Switch,1829,70010000022679,70010000012328
SEGA AGES Virtua Racing,609.68,770.07,160.39,20.8,0.792,999.00 JPY,7.99 USD,Nintendo Switch,1830,70010000016617,70010000016616
SUPERMARKET SIMULATOR 25,274.02,288.17,14.15,4.9,0.951,449.00 JPY,2.99 USD,Nintendo Switch,1836,70010000101601,70010000101599
We Were Here Together,976.46,1251.96,275.5,22.0,0.78,1600.00 JPY,12.99 USD,Nintendo Switch,1837,70010000098145,70010000098143
Transistor,1251.1,1926.61,675.52,35.1,0.649,2050.00 JPY,19.99 USD,Nintendo Switch,1841,70010000016149,70010000013383
Vector Lab,90.93,95.42,4.48,4.7,0.953,149.00 JPY,0.99 USD,Nintendo Switch,1842,70010000110868,70010000110866
Arcade Archives NINJA GAIDEN,511.42,770.07,258.64,33.6,0.664,838.00 JPY,7.99 USD,Nintendo Switch,1846,70010000016729,70010000016728
Fishing Star World Tour,1666.09,2890.4,1224.31,42.4,0.576,2730.00 JPY,29.99 USD,Nintendo Switch,1848,70010000010460,70010000010459
Dinosaur Survival Simulator - Prehistoric RPG,280.73,288.17,7.44,2.6,0.974,460.00 JPY,2.99 USD,Nintendo Switch,1849,70010000111938,70010000111936
Jigsaw Masterpieces,61.03,95.42,34.39,36.0,0.64,100.00 JPY,0.99 USD,Nintendo Switch,1850,70010000019458,70010000019456
Escape Prison Obby: Getaway,244.12,288.17,44.06,15.3,0.847,400.00 JPY,2.99 USD,Nintendo Switch,1856,70010000117419,70010000117417
METAL SLUG ATTACK RELOADED,805.58,962.82,157.24,16.3,0.837,1320.00 JPY,9.99 USD,Nintendo Switch,1857,70010000067832,70010000067833
Trine 5: A Clockwork Conspiracy,2678.56,2890.4,211.84,7.3,0.927,4389.00 JPY,29.99 USD,Nintendo Switch,1858,70010000068280,70010000063752
Home Sheep Home: Farmageddon Party Edition,231.91,962.82,730.91,75.9,0.241,380.00 JPY,9.99 USD,Nintendo Switch,1864,70010000032901,70010000023140
MFC - Midnight Fight Club,914.83,962.82,48.0,5.0,0.95,1499.00 JPY,9.99 USD,Nintendo Switch,1869,70010000085360,70010000085358
Wizordum,1403.67,1926.61,522.95,27.1,0.729,2300.00 JPY,19.99 USD,Nintendo Switch,1870,70010000098982,70010000098980
Kick It to Stickman,476.64,480.93,4.29,0.9,0.991,781.00 JPY,4.99 USD,Nintendo Switch,1873,70010000109958,70010000109956
Jurassic World Aftermath Collection,2598.01,2890.4,292.4,10.1,0.899,4257.00 JPY,29.99 USD,Nintendo Switch,1874,70010000057399,70010000057400
Lou's Lagoon,1983.44,2408.51,425.06,17.6,0.824,3250.00 JPY,24.99 USD,Nintendo Switch,1880,70010000091998,70010000091996
RichMan 11,1220.58,1830.23,609.65,33.3,0.667,2000.00 JPY,18.99 USD,Nintendo Switch,1881,70010000055757,70010000055758
Patrick's Parabox,701.83,962.82,260.99,27.1,0.729,1150.00 JPY,9.99 USD,Nintendo Switch,1882,70010000047950,70010000047951
Fresh Start,1769.84,1926.61,156.77,8.1,0.919,2900.00 JPY,19.99 USD,Nintendo Switch,1883,70010000068229,70010000068230
Muse Dash,1384.14,2022.99,638.85,31.6,0.684,2268.00 JPY,20.99 USD,Nintendo Switch,1884,70010000014537,70010000014536
QUAKE,711.6,962.82,251.23,26.1,0.739,1166.00 JPY,9.99 USD,Nintendo Switch,1886,70010000050306,70010000034060
Funko Fusion,3625.13,3854.19,229.07,5.9,0.941,5940.00 JPY,39.99 USD,Nintendo Switch,1891,70010000078764,70010000078762
Darksiders Genesis,2917.19,3854.19,937.0,24.3,0.757,4780.00 JPY,39.99 USD,Nintendo Switch,1893,70010000027425,70010000019236
Planet of Lana,1342.64,1926.61,583.97,30.3,0.697,2200.00 JPY,19.99 USD,Nintendo Switch,1899,70010000073405,70010000073403
Monster Sanctuary,1251.1,1926.61,675.52,35.1,0.649,2050.00 JPY,19.99 USD,Nintendo Switch,1900,70010000033947,70010000018422
Goodnight Universe,1476.9,1926.61,449.71,23.3,0.767,2420.00 JPY,19.99 USD,Nintendo Switch,1901,70010000098179,70010000097205
Arcade Archives RAIDEN,511.42,770.07,258.64,33.6,0.664,838.00 JPY,7.99 USD,Nintendo Switch,1902,70010000034653,70010000034654
Shashingo: Learn Japanese with Photography,1403.67,1927.58,523.91,27.2,0.728,2300.00 JPY,20.00 USD,Nintendo Switch,1906,70010000069489,70010000069490
Bullet Strike,1403.67,1926.61,522.95,27.1,0.729,2300.00 JPY,19.99 USD,Nintendo Switch,1907,70010000112510,70010000112508
GUILTY GEAR XX ACCENT CORE PLUS R,919.71,1444.72,525.01,36.3,0.637,1507.00 JPY,14.99 USD,Nintendo Switch,1912,70010000003610,70010000003609
 Combat Forces,1403.67,1926.61,522.95,27.1,0.729,2300.00 JPY,19.99 USD,Nintendo Switch,1915,70010000111139,70010000111137
Lawn Mowing Simulator,1556.24,1926.61,370.37,19.2,0.808,2550.00 JPY,19.99 USD,Nintendo Switch,1916,70010000070115,70010000070116
Legacy of Kain: Ascendance,1745.43,1926.61,181.18,9.4,0.906,2860.00 JPY,19.99 USD,Nintendo Switch,1919,70010000118998,70010000118996
Classic Games Collection Vol.1+2 Bundle,61.03,384.55,323.52,84.1,0.159,100.00 JPY,3.99 USD,Nintendo Switch,1921,70010000059498,70010000059499
S.T.A.L.K.E.R.: Shadow of Chornobyl,1757.64,1926.61,168.98,8.8,0.912,2880.00 JPY,19.99 USD,Nintendo Switch,1924,70010000077872,70010000077870
Gas Station Simulator,1525.12,1926.61,401.5,20.8,0.792,2499.00 JPY,19.99 USD,Nintendo Switch,1925,70010000056958,70010000049169
Amnesia: Collection,1342.64,2890.4,1547.76,53.5,0.465,2200.00 JPY,29.99 USD,Nintendo Switch,1926,70010000112434,70010000016672
Little Strays,1830.26,1926.61,96.35,5.0,0.95,2999.00 JPY,19.99 USD,Nintendo Switch,1927,70010000089049,70010000089047
Cooking Tycoons - 3 in 1 Bundle,1025.29,1251.96,226.67,18.1,0.819,1680.00 JPY,12.99 USD,Nintendo Switch,1928,70010000054945,70010000025984
Tippy Putts,121.45,143.6,22.16,15.4,0.846,199.00 JPY,1.49 USD,Nintendo Switch,1931,70010000121450,70010000121448
DORONKO WANKO,213.6,336.36,122.76,36.5,0.635,350.00 JPY,3.49 USD,Nintendo Switch,1932,70010000085267,70010000085265
Loop Hero,927.64,1444.72,517.08,35.8,0.642,1520.00 JPY,14.99 USD,Nintendo Switch,1934,70010000041967,70010000041968
Missing Banban,792.77,962.82,170.06,17.7,0.823,1299.00 JPY,9.99 USD,Nintendo Switch,1937,70010000094165,70010000094163
Caravan SandWitch,1800.36,2408.51,608.15,25.3,0.747,2950.00 JPY,24.99 USD,Nintendo Switch,1938,70010000085727,70010000079061
Killer Frequency,1995.65,2408.51,412.86,17.1,0.829,3270.00 JPY,24.99 USD,Nintendo Switch,1939,70010000057383,70010000057384
Very Very Valet,183.09,288.17,105.09,36.5,0.635,300.00 JPY,2.99 USD,Nintendo Switch,1946,70010000036325,70010000036326
ASTLIBRA Revision,1568.45,2408.51,840.06,34.9,0.651,2570.00 JPY,24.99 USD,Nintendo Switch,1947,70010000061303,70010000061304
SNK VS. CAPCOM SVC CHAOS,1818.67,1926.61,107.95,5.6,0.944,2980.00 JPY,19.99 USD,Nintendo Switch,1948,70010000070138,70010000070139
STARBITES,2336.19,4817.98,2481.79,51.5,0.485,3828.00 JPY,49.99 USD,Nintendo Switch,1949,70010000096716,70010000105245
Endling - Extinction is Forever,2416.75,2890.4,473.65,16.4,0.836,3960.00 JPY,29.99 USD,Nintendo Switch,1950,70010000052921,70010000025116
Catto's Post Office,390.59,529.12,138.53,26.2,0.738,640.00 JPY,5.49 USD,Nintendo Switch,1951,70010000121385,70010000121383
Rogue Heroes: Ruins of Tasos,1251.1,1926.61,675.52,35.1,0.649,2050.00 JPY,19.99 USD,Nintendo Switch,1952,70010000033948,70010000027136
Windbound,1208.38,1926.61,718.24,37.3,0.627,1980.00 JPY,19.99 USD,Nintendo Switch,1953,70010000033369,70010000023323
Police Simulator: Patrol Officers: Nintendo Switch™ Edition ,2807.34,2890.4,83.07,2.9,0.971,4600.00 JPY,29.99 USD,Nintendo Switch,1955,70010000077969,70010000077967
Tinykin,2013.35,2408.51,395.16,16.4,0.836,3299.00 JPY,24.99 USD,Nintendo Switch,1959,70010000056800,70010000046218
ARK: Dinosaur Discovery,872.72,962.82,90.11,9.4,0.906,1430.00 JPY,9.99 USD,Nintendo Switch,1964,70010000059133,70010000058472
Colors Live,2132.97,2890.4,757.44,26.2,0.738,3495.00 JPY,29.99 USD,Nintendo Switch,1966,70010000040627,70010000013170
Venba,1086.32,1444.72,358.4,24.8,0.752,1780.00 JPY,14.99 USD,Nintendo Switch,1969,70010000067886,70010000057821
Chained Up Together,260.59,288.17,27.58,9.6,0.904,427.00 JPY,2.99 USD,Nintendo Switch,1975,70010000100747,70010000100745
Guns of Fury,1037.49,1444.72,407.23,28.2,0.718,1700.00 JPY,14.99 USD,Nintendo Switch,1976,70010000092716,70010000091386
Realm of Ink,1818.67,2408.51,589.84,24.5,0.755,2980.00 JPY,24.99 USD,Nintendo Switch,1977,70010000115721,70010000115719
Ib,640.8,1444.72,803.91,55.6,0.444,1050.00 JPY,14.99 USD,Nintendo Switch,1980,70010000057090,70010000057091
Webbed,1407.94,1926.61,518.67,26.9,0.731,2307.00 JPY,19.99 USD,Nintendo Switch,1982,70010000040878,70010000040879
Winx Club: The Magic is Back,1570.89,1878.42,307.54,16.4,0.836,2574.00 JPY,19.49 USD,Nintendo Switch,1983,70010000116431,70010000103435
Return to Monkey Island,1977.34,2408.51,431.17,17.9,0.821,3240.00 JPY,24.99 USD,Nintendo Switch,1984,70010000053424,70010000053425
System Shock® 2: 25th Anniversary Remaster,2319.1,2890.4,571.3,19.8,0.802,3800.00 JPY,29.99 USD,Nintendo Switch,1986,70010000099525,70010000077920
Garden Witch Life,1219.97,1926.61,706.64,36.7,0.633,1999.00 JPY,19.99 USD,Nintendo Switch,1988,70010000071792,70010000071790
Out of Sight,1037.49,1444.72,407.23,28.2,0.718,1700.00 JPY,14.99 USD,Nintendo Switch,1990,70010000094093,70010000094091
BODYCAM SHOOTER 2025,263.65,288.17,24.53,8.5,0.915,432.00 JPY,2.99 USD,Nintendo Switch,1991,70010000102443,70010000102441
DAEMON X MACHINA™ ,5236.29,5781.77,545.48,9.4,0.906,8580.00 JPY,59.99 USD,Nintendo Switch,1992,70010000001400,70010000018502
Pajama Sam 3: You Are What You Eat From Your Head To Your Feet,1037.49,1444.72,407.23,28.2,0.718,1700.00 JPY,14.99 USD,Nintendo Switch,1993,70010000071154,70010000071152
Book Supermarket: Library Manager Simulator,512.64,577.31,64.67,11.2,0.888,840.00 JPY,5.99 USD,Nintendo Switch,1995,70010000094327,70010000094325
The Legend of Bum-Bo,1006.98,1926.61,919.63,47.7,0.523,1650.00 JPY,19.99 USD,Nintendo Switch,1999,70010000056370,70010000050225
Everafter Falls,1830.87,1926.61,95.74,5.0,0.95,3000.00 JPY,19.99 USD,Nintendo Switch,2000,70010000080183,70010000074607
